symbol,instrument_typ,instrument_class,affects_derivative_position,last_event_time,reconstructed_position,trade_event_count,funding_event_count,settlement_event_count,event_count,final_status
AAVEUSDT,FFWCSX,DERIVATIVE,True,2021-11-02T11:59:59.999000Z,0,402,164,1,567,PASS
ADAM20,FFCCSX,DERIVATIVE,True,2020-06-24T06:19:12.538000Z,0,366,0,0,366,PASS
ADAUSD,FFWCSX,DERIVATIVE,True,2021-11-20T11:47:48.728000Z,0,500,75,0,575,PASS
ADAUSDT,FFWCSX,DERIVATIVE,True,2021-08-10T16:43:22.467000Z,0,152,3,0,155,PASS
ALTMEXUSD,FFWCSX,DERIVATIVE,True,2021-07-30T21:00:09.605000Z,0,51,19,0,70,PASS
AXSUSDT,FFWCSX,DERIVATIVE,True,2021-10-29T16:16:08.976000Z,0,831,88,0,919,PASS
BCHH21,FFCCSX,DERIVATIVE,True,2021-02-06T01:40:29.754000Z,0,101,0,0,101,PASS
BCHUSD,FFWCSX,DERIVATIVE,True,2021-02-02T16:14:13.307000Z,0,126,28,0,154,PASS
BMEXUSD,FFWCSX,DERIVATIVE,True,2022-11-28T21:05:09.635000Z,0,114,29,0,143,PASS
BMEX_USDT,IFXXXP,SPOT,False,2023-08-31T18:03:55.552000Z,0,201,0,0,201,PASS
BNBUSD,FFWCSX,DERIVATIVE,True,2022-01-15T20:02:51.503000Z,0,26,2,0,28,PASS
BNBUSDT,FFWCSX,DERIVATIVE,True,2021-10-11T16:36:13.469000Z,0,113,72,0,185,PASS
DOGEUSD,FFWCSX,DERIVATIVE,True,2024-11-04T22:30:18.788000Z,0,3651,2273,0,5924,PASS
DOGEUSDT,FFWCSX,DERIVATIVE,True,2021-09-20T12:37:28.066000Z,0,1735,333,0,2068,PASS
DOTUSDT,FFWCSX,DERIVATIVE,True,2021-08-17T07:04:54.304000Z,0,3359,147,0,3506,PASS
DOTUSDTH21,FFCCSX,DERIVATIVE,True,2021-03-24T23:41:56.187000Z,0,49,0,0,49,PASS
EOSH21,FFCCSX,DERIVATIVE,True,2021-02-07T15:38:05.259000Z,0,37,0,0,37,PASS
EOSUSDTZ20,FFCCSX,DERIVATIVE,True,2020-10-14T14:29:40.627000Z,0,7,0,0,7,PASS
ETHH21,FFCCSX,DERIVATIVE,True,2021-03-26T11:59:59.999000Z,0,1137,0,1,1138,PASS
ETHH22,FFCCSX,DERIVATIVE,True,2022-03-21T20:14:22.063000Z,0,477,0,0,477,PASS
ETHH23,FFCCSX,DERIVATIVE,True,2023-03-31T11:59:59.999000Z,0,390,0,1,391,PASS
ETHH24,FFCCSX,DERIVATIVE,True,2024-03-29T12:00:00Z,0,34,0,1,35,PASS
ETHM20,FFCCSX,DERIVATIVE,True,2020-06-26T07:16:24.011000Z,0,86,0,0,86,PASS
ETHM21,FFCCSX,DERIVATIVE,True,2021-06-05T14:15:59.838000Z,0,178,0,0,178,PASS
ETHM22,FFCCSX,DERIVATIVE,True,2022-06-24T11:59:59.999000Z,0,233,0,1,234,PASS
ETHM23,FFCCSX,DERIVATIVE,True,2023-06-30T11:59:59.999000Z,0,350,0,1,351,PASS
ETHM24,FFCCSX,DERIVATIVE,True,2024-06-28T12:00:10.288000Z,0,281,0,1,282,PASS
ETHU20,FFCCSX,DERIVATIVE,True,2020-08-20T19:34:39.661000Z,0,221,0,0,221,PASS
ETHU21,FFCCSX,DERIVATIVE,True,2021-08-02T15:13:47.175000Z,0,476,0,0,476,PASS
ETHU22,FFCCSX,DERIVATIVE,True,2022-09-17T08:34:43.983000Z,0,47,0,0,47,PASS
ETHU23,FFCCSX,DERIVATIVE,True,2023-09-29T11:59:59.999000Z,0,179,0,1,180,PASS
ETHU24,FFCCSX,DERIVATIVE,True,2024-09-27T12:00:15.299000Z,0,156,0,1,157,PASS
ETHUSD,FFWCSX,DERIVATIVE,True,2024-02-26T19:44:55.050000Z,0,17896,1574,0,19470,PASS
ETHUSDZ20,FFCCSX,DERIVATIVE,True,2020-10-12T16:32:24.038000Z,0,8,0,0,8,PASS
ETHZ20,FFCCSX,DERIVATIVE,True,2020-12-25T11:59:59.999000Z,0,1167,0,1,1168,PASS
ETHZ21,FFCCSX,DERIVATIVE,True,2021-12-31T11:59:59.999000Z,0,869,0,1,870,PASS
ETHZ22,FFCCSX,DERIVATIVE,True,2022-12-21T16:19:51.536000Z,0,182,0,0,182,PASS
ETHZ23,FFCCSX,DERIVATIVE,True,2023-12-29T12:00:00Z,0,270,0,1,271,PASS
ETHZ24,FFCCSX,DERIVATIVE,True,2024-12-27T12:00:10.289000Z,0,79,0,1,80,PASS
LINKUSDT,FFWCSX,DERIVATIVE,True,2021-09-22T09:14:08.137000Z,0,232,21,0,253,PASS
LINKUSDTZ20,FFCCSX,DERIVATIVE,True,2020-09-24T15:38:46.277000Z,0,16,0,0,16,PASS
LTCH21,FFCCSX,DERIVATIVE,True,2021-03-21T04:28:55.762000Z,0,1414,0,0,1414,PASS
LTCM20,FFCCSX,DERIVATIVE,True,2020-06-08T22:11:45.084000Z,0,387,0,0,387,PASS
LTCM21,FFCCSX,DERIVATIVE,True,2021-04-24T05:09:28.694000Z,0,172,0,0,172,PASS
LTCU20,FFCCSX,DERIVATIVE,True,2020-09-04T06:45:08.462000Z,0,316,0,0,316,PASS
LTCU21,FFCCSX,DERIVATIVE,True,2021-09-24T11:59:59.999000Z,0,417,0,1,418,PASS
LTCUSD,FFWCSX,DERIVATIVE,True,2023-12-06T16:47:47.204000Z,0,6595,878,0,7473,PASS
LTCZ20,FFCCSX,DERIVATIVE,True,2020-12-25T11:59:59.999000Z,0,815,0,1,816,PASS
LTCZ21,FFCCSX,DERIVATIVE,True,2021-12-13T19:20:17.272000Z,0,122,0,0,122,PASS
LUNAUSD,FFWCSX,DERIVATIVE,True,2022-01-22T07:59:21.398000Z,0,358,70,0,428,PASS
ORDIUSD,FFWCSX,DERIVATIVE,True,2023-10-19T12:00:00Z,0,9,397,1,407,PASS
TRXH21,FFCCSX,DERIVATIVE,True,2021-03-20T23:20:45.170000Z,0,2218,0,0,2218,PASS
TRXM20,FFCCSX,DERIVATIVE,True,2020-06-14T11:15:54.307000Z,0,137,0,0,137,PASS
TRXM21,FFCCSX,DERIVATIVE,True,2021-05-20T20:56:46.565000Z,0,1468,0,0,1468,PASS
TRXU20,FFCCSX,DERIVATIVE,True,2020-09-23T18:49:35.589000Z,0,771,0,0,771,PASS
TRXU21,FFCCSX,DERIVATIVE,True,2021-09-24T11:59:59.999000Z,0,1758,0,1,1759,PASS
TRXUSDT,FFWCSX,DERIVATIVE,True,2021-11-02T11:59:59.999000Z,0,15,11,1,27,PASS
TRXZ20,FFCCSX,DERIVATIVE,True,2020-12-16T10:03:47.449000Z,0,498,0,0,498,PASS
TRXZ21,FFCCSX,DERIVATIVE,True,2021-12-03T20:39:26.899000Z,0,124,0,0,124,PASS
UNIUSDT,FFWCSX,DERIVATIVE,True,2021-07-13T13:44:24.437000Z,0,806,83,0,889,PASS
XBTM21,FFCCSX,DERIVATIVE,True,2021-06-05T14:48:22.779000Z,0,19,0,0,19,PASS
XBTUSD,FFWCSX,DERIVATIVE,True,2026-07-19T12:00:00.330000Z,-998000,98874,6006,0,104880,PASS
XBT_USDT,IFXXXP,SPOT,False,2023-10-23T20:26:36.426000Z,0,7,0,0,7,PASS
XLMUSDT,FFWCSX,DERIVATIVE,True,2021-04-11T10:00:31.036000Z,0,53,1,0,54,PASS
XRPUSD,FFWCSX,DERIVATIVE,True,2023-06-15T06:59:21.591000Z,0,5497,631,0,6128,PASS
XTZUSDTZ20,FFCCSX,DERIVATIVE,True,2020-10-13T13:57:53.783000Z,0,9,0,0,9,PASS
YFIUSDTH21,FFCCSX,DERIVATIVE,True,2021-03-08T22:24:32.751000Z,0,359,0,0,359,PASS
YFIUSDTZ20,FFCCSX,DERIVATIVE,True,2020-12-25T11:59:59.999000Z,0,507,0,1,508,PASS
