symbol,model,rows_seen,rows_with_future_label,action_accuracy,direction_accuracy,action_macro_f1,action_weighted_f1,target_exposure_mae,target_exposure_correlation,open_timing_error_seconds,close_timing_error_seconds,add_recall,reduce_recall,flip_recall,cycle_direction_match,confidence_calibration_gap
AAVEUSDT,frequency_baseline,84,83,0.6144578313253012,0.9518072289156626,0.19029850746268656,0.4677216327998561,0.17886171946356438,0.3294174606978061,923191.4875000002,61314.276892857124,1.0,0.0,,1.0,0.1149712915609446
AAVEUSDT,distilled_rules,84,83,0.24096385542168675,0.9156626506024096,0.10507605820105818,0.2737915949512335,0.17271616942802256,0.419051055585688,923191.4875000002,35619.00110714285,0.17647058823529413,0.4583333333333333,,0.9620253164556962,0.4938777975667365
AAVEUSDT,cross_asset_logistic,84,83,0.7469879518072289,0.9518072289156626,0.38370370370370366,0.7088621151271755,0.12326077306602509,0.6747242168480413,923191.4875000002,37046.62753571429,0.8627450980392157,0.75,,1.0,0.25313858492152463
ADAM20,frequency_baseline,78,77,0.37662337662337664,0.6883116883116883,0.11246612466124661,0.2448527082673424,0.14727917942996,0.7206605640744538,292608.0089000001,32169.228967741932,1.0,0.0,0.0,0.803030303030303,0.2862707519289618
ADAM20,distilled_rules,78,77,0.24675324675324675,0.7142857142857143,0.08725718725718724,0.23923954833045744,0.1500947281472953,0.6930757165387281,286492.48420000006,18317.87251612903,0.32432432432432434,0.3684210526315789,0.0,0.8333333333333334,0.5000501155539252
ADAM20,cross_asset_logistic,78,77,0.12987012987012986,0.7532467532467533,0.09602194787379972,0.03783870450537117,0.1119901464328514,0.7852075257378404,292608.0089000001,28435.26529032258,1.0,0.10526315789473684,0.0,0.8787878787878788,0.4467078487877157
ADAUSD,frequency_baseline,17,16,0.4375,0.8125,0.12727272727272726,0.2784090909090909,0.48122221095580836,0.11804022594257803,30947.204,169120.18125,1.0,0.0,0.0,0.8666666666666667,0.2562372079484063
ADAUSD,distilled_rules,17,16,0.0625,0.8125,0.022727272727272724,0.06818181818181818,0.43234999999999996,0.22627308866802026,30947.204,129553.708875,0.125,0.16666666666666666,0.0,0.8666666666666667,0.5875505771452462
ADAUSD,cross_asset_logistic,17,16,0.5,0.8125,0.22095238095238096,0.45,0.42194463408788047,0.18798998801168698,30947.204,121234.471,0.5,0.6666666666666666,0.0,0.8666666666666667,0.3852394457723747
ADAUSDT,frequency_baseline,4,3,0.0,0.6666666666666666,0.0,0.0,0.3895642202775753,-0.5335271678728754,,26299.698333333334,,0.0,,1.0,0.5356232396163184
ADAUSDT,distilled_rules,4,3,0.0,0.6666666666666666,0.0,0.0,0.5277273379442479,-0.14885316086258082,,26299.698333333334,,0.0,,1.0,0.6644667480320785
ADAUSDT,cross_asset_logistic,4,3,0.3333333333333333,0.6666666666666666,0.16666666666666666,0.3333333333333333,0.4136167975033031,-0.08908740984360743,,25925.809333333335,,0.5,,1.0,0.3259184427540759
ALTMEXUSD,frequency_baseline,14,13,0.7692307692307693,0.8461538461538461,0.2898550724637681,0.6688963210702342,0.36952901889343326,0.32312955671595434,95650.818,217168.64500000002,1.0,,,1.0,0.3133161883717276
ALTMEXUSD,distilled_rules,14,13,0.07692307692307693,0.8461538461538461,0.03333333333333334,0.12820512820512822,0.3267647398476278,0.1909881526905225,95650.818,85248.841,0.1,,,1.0,0.5823586141216894
ALTMEXUSD,cross_asset_logistic,14,13,0.6923076923076923,0.8461538461538461,0.225,0.6923076923076923,0.28455297500279003,0.3099683523477462,95650.818,85248.841,0.9,,,1.0,0.10078869111602795
AXSUSDT,frequency_baseline,83,82,0.4024390243902439,0.8292682926829268,0.11478260869565218,0.2939554612937434,0.15578251399126172,0.4183379388162898,1075173.15175,17623.74541666667,1.0,0.0,,0.8831168831168831,0.3171718152306767
AXSUSDT,distilled_rules,83,82,0.3170731707317073,0.8292682926829268,0.15744949494949498,0.2563285291943829,0.15366612815419162,0.7139577538213553,1075173.15175,4033.0175,0.023809523809523808,0.7419354838709677,,0.8571428571428571,0.4554729916938852
AXSUSDT,cross_asset_logistic,83,82,0.25609756097560976,0.926829268292683,0.10769230769230768,0.2757973733583489,0.06547768904611355,0.9011727097542571,1075173.15175,17623.74541666667,1.0,0.0,,0.987012987012987,0.21439649163961128
BCHH21,frequency_baseline,14,13,0.5384615384615384,0.8461538461538461,0.17500000000000002,0.37692307692307697,0.23208940457812405,-0.47641578005823276,562066.145,174311.59139999998,1.0,0.0,,1.0,0.00624884059570241
BCHH21,distilled_rules,14,13,0.15384615384615385,0.46153846153846156,0.0816326530612245,0.13186813186813187,0.33451923076923074,-0.4616741709287988,562066.145,32.0488,0.0,0.6666666666666666,,0.5454545454545454,0.5205682179063253
BCHH21,cross_asset_logistic,14,13,0.6153846153846154,0.8461538461538461,0.2892156862745098,0.5203619909502263,0.30451770782470705,-0.3392091642675682,562066.145,140481.2992,1.0,0.3333333333333333,,1.0,0.20647405046181896
BCHUSD,frequency_baseline,43,42,0.6904761904761905,0.8571428571428571,0.13615023474178403,0.5640509725016768,0.15753973698679405,0.2528645495420003,2870905.4035,45726.3539,1.0,0.0,0.0,0.972972972972973,0.1529079387821743
BCHUSD,distilled_rules,43,42,0.21428571428571427,0.8095238095238095,0.06318681318681318,0.2923425780568638,0.196245780184478,-0.011484367812564372,2870905.4035,25815.9526,0.27586206896551724,0.25,0.0,0.918918918918919,0.5203776764506491
BCHUSD,cross_asset_logistic,43,42,0.6904761904761905,0.8571428571428571,0.14427860696517414,0.59772565742715,0.1735208744973129,0.24867122131370206,2870905.4035,45723.7005,1.0,0.0,0.0,0.972972972972973,0.19045290711365515
BNBUSD,frequency_baseline,6,5,0.8,0.8,0.4444444444444445,0.7111111111111111,0.6419140916144155,-0.1904808510583766,,28614.068,1.0,,,1.0,0.3393767603836816
BNBUSD,distilled_rules,6,5,0.4,0.8,0.16666666666666666,0.5333333333333333,0.6776515151515151,-0.5559497771501984,,28614.068,0.5,,,1.0,0.2947818503319532
BNBUSD,cross_asset_logistic,6,5,0.6,0.8,0.2857142857142857,0.6857142857142857,0.4504935619469845,-0.5117847966358265,,0.0,0.75,,,1.0,0.13448422931487658
BNBUSDT,frequency_baseline,25,24,0.4583333333333333,0.75,0.15714285714285714,0.2880952380952381,0.16695409807494146,0.37613684890871174,2020713.6331999998,184908.27625000002,1.0,0.0,,1.0,0.1916536640850574
BNBUSDT,distilled_rules,25,24,0.08333333333333333,0.5833333333333334,0.06349206349206349,0.07407407407407407,0.22811365177657628,0.21549775009013722,2020713.6331999998,121262.293625,0.0,0.5,,0.7222222222222222,0.6487151949413259
BNBUSDT,cross_asset_logistic,25,24,0.5,0.75,0.27187500000000003,0.3484375,0.1557998743097969,0.5266664724443446,2020713.6331999998,184878.59725000002,1.0,0.5,,1.0,0.16181032500790557
DOGEUSD,frequency_baseline,1052,1051,0.5366317792578497,0.9448144624167459,0.12534970425812236,0.3770012863700123,0.20188992885445553,0.36542230517700186,659957.2132857143,66301.0504541284,1.0,0.0,0.0,0.9890438247011952,0.0695698357699262
DOGEUSD,distilled_rules,1052,1051,0.26070409134157946,0.8553758325404377,0.14572807140456664,0.2981984504452598,0.11903032636956966,0.8435587318540329,657608.5961836735,38541.97695412845,0.210896309314587,0.37305699481865284,0.0,0.8874501992031872,0.45056157924390466
DOGEUSD,cross_asset_logistic,1052,1051,0.6403425309229306,0.9438629876308278,0.17380129797432042,0.603640563630721,0.07554615777860067,0.9439410845328768,659957.2132857143,37756.5831146789,0.7363796133567663,0.694300518134715,0.0,0.9880478087649402,0.04812344094955846
DOGEUSDT,frequency_baseline,291,290,0.5689655172413793,0.8241379310344827,0.130386700913242,0.42463785230672335,0.12199881196641874,0.3660420850624653,386950.75399999996,60198.34418823531,1.0,0.0,,0.908745247148289,0.06848413213924104
DOGEUSDT,distilled_rules,291,290,0.2103448275862069,0.6241379310344828,0.13441859934727832,0.23305021368158305,0.11018194457729155,0.6068137695208364,368281.65035999997,43790.93907058825,0.15,0.3620689655172414,,0.6501901140684411,0.5740894793987442
DOGEUSDT,cross_asset_logistic,291,290,0.6793103448275862,0.8724137931034482,0.24308143221755785,0.6014880018129701,0.047671484760711216,0.8849592907497205,386950.75399999996,51278.22789411765,0.9722222222222222,0.5517241379310345,,0.9619771863117871,0.1438236840064791
DOTUSDT,frequency_baseline,90,89,0.4606741573033708,0.898876404494382,0.09080841638981174,0.2928316348750109,0.16537710420856042,0.24524975424836937,1423741.3522857144,73411.69283333332,1.0,0.0,0.0,0.975609756097561,0.14719973107663012
DOTUSDT,distilled_rules,90,89,0.3707865168539326,0.8202247191011236,0.12558380902957966,0.42601004064068854,0.0932042938288556,0.8575310110331633,1423741.3522857144,44751.923928571414,0.5365853658536586,0.3235294117647059,0.0,0.8902439024390244,0.47088245680942703
DOTUSDT,cross_asset_logistic,90,89,0.6629213483146067,0.898876404494382,0.23680387409200968,0.601213374323258,0.06938547846853192,0.9020664380620336,1423741.3522857144,47379.284309523806,0.9512195121951219,0.5882352941176471,0.0,0.975609756097561,0.08320566809891121
DOTUSDTH21,frequency_baseline,16,15,0.26666666666666666,0.6666666666666666,0.10526315789473685,0.11228070175438597,0.23026122557399267,-0.19638879233016124,1367958.5065000001,75366.827,1.0,0.0,,1.0,0.2586129394106311
DOTUSDTH21,distilled_rules,16,15,0.13333333333333333,0.5333333333333333,0.07142857142857142,0.13333333333333333,0.3067380812158389,-0.3577540835675705,1367958.5065000001,75366.827,0.5,0.0,,0.8,0.5867654098371462
DOTUSDTH21,cross_asset_logistic,16,15,0.26666666666666666,0.6666666666666666,0.11111111111111112,0.11851851851851852,0.26035730942435886,-0.2730914128931817,1367958.5065000001,75366.827,1.0,0.0,,1.0,0.1759111252255234
EOSH21,frequency_baseline,4,3,0.0,0.3333333333333333,0.0,0.0,0.2956327579746402,1.0000000000000002,598770.241,10417.448,,,,1.0,0.5356232396163184
EOSH21,distilled_rules,4,3,0.0,0.3333333333333333,0.0,0.0,0.14101430383699162,0.9975381821780669,598770.241,10417.448,,,,1.0,0.7312855891989606
EOSH21,cross_asset_logistic,4,3,0.0,0.3333333333333333,0.0,0.0,0.09561475118001302,0.9999516088135184,598770.241,10417.448,,,,1.0,0.6003415419210314
EOSUSDTZ20,frequency_baseline,3,2,0.5,0.5,0.3333333333333333,0.3333333333333333,0.5841090993110811,-1.0000000000000002,,131358.799,1.0,,,1.0,0.015460453320653045
EOSUSDTZ20,distilled_rules,3,2,0.0,0.0,0.0,0.0,0.75,-1.0,,131358.799,0.0,,,0.0,0.5668492468851007
EOSUSDTZ20,cross_asset_logistic,3,2,0.5,0.5,0.3333333333333333,0.3333333333333333,0.7013993263244629,-1.0,,131358.799,1.0,,,1.0,0.07706360666686551
ETHH21,frequency_baseline,298,297,0.5050505050505051,0.9528619528619529,0.09652509652509654,0.3412503412503413,0.1745107241344096,0.2777215482843552,207196.99175000002,22164.440601449285,1.0,0.0,,0.9826388888888888,0.16688522562921665
ETHH21,distilled_rules,298,297,0.3434343434343434,0.9259259259259259,0.13194444444444445,0.31081649831649827,0.1470164580832668,0.6636054096089207,207196.99175000002,10068.95815942029,0.0728476821192053,0.6976744186046512,,0.9444444444444444,0.40447493909275073
ETHH21,cross_asset_logistic,298,297,0.7441077441077442,0.9562289562289562,0.2186829673747693,0.720297642391247,0.05999789579598185,0.9128763142350441,207196.99175000002,10860.35713768116,0.8344370860927153,0.7441860465116279,,0.9861111111111112,0.13028094653048589
ETHH22,frequency_baseline,144,143,0.5944055944055944,0.972027972027972,0.18640350877192982,0.44319715372346946,0.12739370099981975,0.17315894068059262,1408809.7419999999,39358.03816363636,1.0,0.0,,1.0,0.1469238614754494
ETHH22,distilled_rules,144,143,0.4405594405594406,0.9300699300699301,0.21402116402116403,0.4868353868353868,0.08476378394878886,0.8113868782104104,1408809.7419999999,26936.50605454545,0.2823529411764706,0.7450980392156863,,0.9496402877697842,0.34870527020755254
ETHH22,cross_asset_logistic,144,143,0.8671328671328671,0.972027972027972,0.4401098901098901,0.8452316913855374,0.04447467663273477,0.9207221910390673,1408809.7419999999,29089.572781818184,0.9411764705882353,0.8627450980392157,,1.0,0.2382018347072016
ETHM20,frequency_baseline,11,10,0.4,0.8,0.14285714285714288,0.2285714285714286,0.3245895230299315,-0.2850037627344697,2103141.363,55165.15079999999,1.0,0.0,,1.0,0.30888539254685493
ETHM20,distilled_rules,11,10,0.0,0.8,0.0,0.0,0.42028985507246375,-0.19484486930746928,2103141.363,55165.15079999999,0.0,0.0,,1.0,0.6222688840200725
ETHM20,cross_asset_logistic,11,10,0.6,0.8,0.3484848484848485,0.4909090909090909,0.38904662339583684,-0.12838147076978979,2103141.363,54442.346600000004,1.0,0.6666666666666666,,1.0,0.1708307450773551
ETHM21,frequency_baseline,27,26,0.3076923076923077,0.6923076923076923,0.07142857142857142,0.15384615384615385,0.2529350796530194,0.48920800279239846,1104932.884,90997.14207692308,1.0,0.0,,0.8571428571428571,0.20169144030195765
ETHM21,distilled_rules,27,26,0.07692307692307693,0.6923076923076923,0.04040404040404041,0.11188811188811189,0.25920434123051106,0.5430682365048858,1104932.884,72511.63500000001,0.2222222222222222,0.0,,0.8571428571428571,0.5702853360344275
ETHM21,cross_asset_logistic,27,26,0.5384615384615384,0.7307692307692307,0.19505494505494506,0.4201183431952663,0.22184870489551298,0.6032155203724379,1104932.884,51692.41799999999,1.0,0.75,,0.9047619047619048,0.18193644943970178
ETHM22,frequency_baseline,147,146,0.3356164383561644,0.9863013698630136,0.08376068376068375,0.16866877414822617,0.29133819258773314,0.20856793616748018,433126.1253333334,26379.097677083333,1.0,0.0,0.0,0.993103448275862,0.12980119875648527
ETHM22,distilled_rules,147,146,0.1232876712328767,0.8972602739726028,0.11268790914808613,0.18520890875115628,0.07129171528409432,0.919650435564355,23.430000000000003,17017.6989375,0.10204081632653061,0.12903225806451613,0.0,0.903448275862069,0.4119540554754149
ETHM22,cross_asset_logistic,147,146,0.8493150684931506,0.9863013698630136,0.2807683010728696,0.8346268848320165,0.07699789386748322,0.9622729018108092,433126.1253333334,4704.036291666666,0.7346938775510204,0.946236559139785,0.0,0.993103448275862,0.1297039556807985
ETHU20,frequency_baseline,32,31,0.3225806451612903,0.7096774193548387,0.12195121951219512,0.15735641227380015,0.2251895243702712,-0.04932656530811697,339213.4311428571,104001.07585714289,1.0,0.0,,1.0,0.22864276839880807
ETHU20,distilled_rules,32,31,0.0,0.6774193548387096,0.0,0.0,0.2731666254830619,0.10608129285596692,339213.4311428571,99065.23678571431,0.0,0.0,,0.9545454545454546,0.6214212808174013
ETHU20,cross_asset_logistic,32,31,0.3548387096774194,0.7096774193548387,0.18997668997668998,0.22031731709151064,0.2591299071091415,0.10691225915654991,339213.4311428571,103519.29428571429,1.0,0.2,,1.0,0.31702520662114486
ETHU21,frequency_baseline,54,53,0.4339622641509434,0.9056603773584906,0.1513157894736842,0.26266137040714993,0.20853929712495478,0.30203394592915134,532929.54825,38926.14788461538,1.0,0.0,,1.0,0.13936465287199862
ETHU21,distilled_rules,54,53,0.39622641509433965,0.7735849056603774,0.18004201680672272,0.38748612652608216,0.16729097299297074,0.7172013840719264,320168.21774999995,25893.223846153844,0.17391304347826086,0.7142857142857143,,0.8125,0.4238715968900467
ETHU21,cross_asset_logistic,54,53,0.6981132075471698,0.9056603773584906,0.3804824561403509,0.6321582257530619,0.11007292977183825,0.8552828175693781,532929.54825,32406.546499999997,0.9565217391304348,0.7142857142857143,,1.0,0.13008141170304777
ETHUSD,frequency_baseline,3536,3535,0.5171145685997172,0.8526166902404526,0.12203225141791288,0.37389362439592577,0.11622296113157475,0.5189626769912519,317990.46163157886,19147.777609168614,1.0,0.0,0.0,0.9067388688327317,0.0562229935403919
ETHUSD,distilled_rules,3536,3535,0.2571428571428571,0.6545968882602546,0.1301595518231256,0.30568919707189834,0.0760811319535343,0.590347452717823,144690.0504035087,11657.926442113434,0.2284313725490196,0.35511363636363635,0.0,0.6820096269554753,0.46350239240675833
ETHUSD,cross_asset_logistic,3536,3535,0.583026874115983,0.8302687411598303,0.1578817497682683,0.49806372698372087,0.037950693354912676,0.8296174080427051,317990.46163157886,14217.93702797203,0.8897058823529411,0.5909090909090909,0.0,0.8829723225030084,0.07685893248949341
ETHUSDZ20,frequency_baseline,2,1,0.0,0.0,0.0,0.0,0.021136765389461437,,,10382.394,,,,,0.6046511627906976
ETHUSDZ20,distilled_rules,2,1,0.0,0.0,0.0,0.0,0.0625,,,10382.394,,,,,0.6631736526946107
ETHUSDZ20,cross_asset_logistic,2,1,0.0,0.0,0.0,0.0,0.0023565292358398438,,,10382.394,,,,,0.4978596920918817
ETHZ20,frequency_baseline,207,206,0.6213592233009708,0.9611650485436893,0.19161676646706585,0.47625138073367823,0.24193411733927486,0.26209711242979283,83764.32599999999,32469.11084285714,1.0,0.0,,1.0,0.2331074904128504
ETHZ20,distilled_rules,207,206,0.1941747572815534,0.9077669902912622,0.06565809880727007,0.1652139632078483,0.2013251652620983,0.6172669473126008,83764.32599999999,9735.468299999999,0.046875,0.5483870967741935,,0.9444444444444444,0.5177857865423682
ETHZ20,cross_asset_logistic,207,206,0.6796116504854369,0.9611650485436893,0.3382980576604825,0.6520625465627888,0.11623715574527275,0.8359896430508852,83764.32599999999,18234.415214285713,0.796875,0.6129032258064516,,1.0,0.15558233815024233
ETHZ21,frequency_baseline,307,306,0.5294117647058824,0.9934640522875817,0.1730769230769231,0.3665158371040725,0.2767186453740237,0.19205299476386298,17271.912,25525.61777464789,1.0,0.0,,1.0,0.20063557851856118
ETHZ21,distilled_rules,307,306,0.23529411764705882,0.9771241830065359,0.13906589014502685,0.2777636714158085,0.12418851744256357,0.8051513898844611,11832.4135,18163.859908450708,0.09876543209876543,0.39285714285714285,,0.9802631578947368,0.46857559435163776
ETHZ21,cross_asset_logistic,307,306,0.7777777777777778,0.9934640522875817,0.391438103903982,0.772602034444351,0.058871235678734,0.9862805301399671,17271.912,8548.513429577464,0.7098765432098766,0.8785714285714286,,1.0,0.09145878410301604
LINKUSDT,frequency_baseline,35,34,0.5294117647058824,0.8529411764705882,0.1730769230769231,0.36651583710407243,0.20473953971261483,0.0461616529426238,4853702.41425,41295.29191666667,1.0,0.0,,1.0,0.2087784502441979
LINKUSDT,distilled_rules,35,34,0.23529411764705882,0.7941176470588235,0.10004810004810004,0.31194295900178254,0.23181063246483366,0.0842364180274366,4853702.41425,25878.520416666666,0.3888888888888889,0.14285714285714285,,0.9310344827586207,0.5020364228725814
LINKUSDT,cross_asset_logistic,35,34,0.6764705882352942,0.8529411764705882,0.3655523255813954,0.5719049247606018,0.1951582493049493,0.1944447375777745,4853702.41425,25919.626583333335,1.0,0.7142857142857143,,1.0,0.09322156961734367
LINKUSDTZ20,frequency_baseline,6,5,0.2,0.2,0.08,0.08,0.5179681052045045,-0.10150295871838921,951627.304,27132.803499999998,1.0,,,0.3333333333333333,0.2984711999854217
LINKUSDTZ20,distilled_rules,6,5,0.0,0.2,0.0,0.0,0.6581230494721347,-0.20630821766862026,951627.304,23273.2535,0.0,,,0.3333333333333333,0.6962703942107019
LINKUSDTZ20,cross_asset_logistic,6,5,0.2,0.2,0.06666666666666668,0.06666666666666668,0.5822088437659718,-0.14651480522439655,951627.304,27132.803499999998,1.0,,,0.3333333333333333,0.3011185080628204
LTCH21,frequency_baseline,140,139,0.5683453237410072,0.9496402877697842,0.1811926605504587,0.4119200052801795,0.16542333184416372,0.268952976982156,323475.6263333333,57203.19394444446,1.0,0.0,,1.0,0.12485077172515108
LTCH21,distilled_rules,140,139,0.3237410071942446,0.9136690647482014,0.1342840166369578,0.3364324583114257,0.15148950753565155,0.6783308600525725,305035.59449999995,29589.227611111106,0.20253164556962025,0.5957446808510638,,0.9621212121212122,0.3866446906206466
LTCH21,cross_asset_logistic,140,139,0.7266187050359713,0.9496402877697842,0.368858153340912,0.686764570912425,0.07608604646712326,0.9158519926875064,323475.6263333333,28021.165722222217,0.8987341772151899,0.6382978723404256,,1.0,0.1053784962019662
LTCM20,frequency_baseline,18,17,0.23529411764705882,0.5294117647058824,0.06913580246913581,0.13333333333333333,0.27053134491136754,0.23399472535128643,697239.33,85881.11933333334,1.0,0.0,0.0,0.6,0.2666821301519421
LTCM20,distilled_rules,18,17,0.11764705882352941,0.5882352941176471,0.05555555555555555,0.1372549019607843,0.32624756897139573,0.322821789566157,697239.33,46091.80466666666,0.2857142857142857,0.0,0.0,0.6666666666666666,0.5561689081121448
LTCM20,cross_asset_logistic,18,17,0.29411764705882354,0.4117647058823529,0.08382066276803118,0.17750257997936017,0.336045000000782,0.20583517237823315,697239.33,43239.819444444445,1.0,0.2,0.0,0.4666666666666667,0.28523288764196225
LTCM21,frequency_baseline,10,9,0.6666666666666666,0.7777777777777778,0.26666666666666666,0.5333333333333334,0.34217526307500257,0.468699097222727,1621295.643,308571.254,1.0,,,1.0,0.2707537614932076
LTCM21,distilled_rules,10,9,0.1111111111111111,0.8888888888888888,0.05,0.16666666666666666,0.2651190476190476,0.46722309446588484,1621295.643,308571.254,0.16666666666666666,,,1.0,0.5370488370841874
LTCM21,cross_asset_logistic,10,9,0.6666666666666666,0.7777777777777778,0.26666666666666666,0.5333333333333334,0.24767892807249037,0.4569810517659197,1621295.643,308571.254,1.0,,,1.0,0.19077669652749518
LTCU20,frequency_baseline,86,85,0.5529411764705883,0.9058823529411765,0.17803030303030304,0.39376114081996433,0.24982333213623228,0.04027721701495425,591342.7891428572,45792.517483870964,1.0,0.0,,1.0,0.2023551776370201
LTCU20,distilled_rules,86,85,0.35294117647058826,0.8588235294117647,0.15609977324263039,0.41219794584500463,0.19303324109556516,0.5404130839832967,591342.7891428572,27821.773161290323,0.2765957446808511,0.7391304347826086,,0.948051948051948,0.42312168822324003
LTCU20,cross_asset_logistic,86,85,0.6941176470588235,0.9058823529411765,0.3711607499002792,0.6245008094981112,0.1544723952980804,0.5867363423881159,591342.7891428572,33921.47477419355,0.9148936170212766,0.6956521739130435,,1.0,0.07897586236396559
LTCU21,frequency_baseline,18,17,0.5882352941176471,0.8235294117647058,0.18518518518518517,0.43572984749455335,0.2076048125280892,-0.0735056882202123,783946.6755,112078.70300000001,1.0,0.0,,1.0,0.1980222989412228
LTCU21,distilled_rules,18,17,0.23529411764705882,0.7058823529411765,0.11805555555555554,0.2598039215686274,0.23271968185681816,-0.21652030276135537,783946.6755,79136.4602,0.3,0.5,,0.8571428571428571,0.5039646548622859
LTCU21,cross_asset_logistic,18,17,0.5294117647058824,0.8235294117647058,0.18000000000000002,0.42352941176470593,0.20501354711196002,0.20135789081096175,783946.6755,112078.70300000001,0.9,0.0,,1.0,0.21593920879951853
LTCUSD,frequency_baseline,1353,1352,0.5362426035502958,0.9452662721893491,0.0702179176755448,0.3770577531985616,0.1206479699950161,0.29663635715220343,1316968.4148524592,25154.616098591567,1.0,0.0,0.0,0.991466252909232,0.08082404964588291
LTCUSD,distilled_rules,1353,1352,0.32470414201183434,0.8247041420118343,0.13054880798400223,0.37623070677722864,0.0880681492032393,0.6291897847140311,1257684.7615737705,16719.54308802818,0.3452544704264099,0.344,0.0,0.8580294802172227,0.4836896329421938
LTCUSD,cross_asset_logistic,1353,1352,0.75,0.9400887573964497,0.15562046819970995,0.7081888060625452,0.04293656793247578,0.8844553190024887,1316968.4148524592,13761.771489436629,0.9105914718019257,0.704,0.0,0.9860356865787432,0.07715211281744346
LTCZ20,frequency_baseline,100,99,0.5151515151515151,0.9191919191919192,0.16999999999999998,0.3503030303030303,0.20178335630030192,0.21385076607440623,576278.0595,31322.210225,1.0,0.0,,1.0,0.058379192950293535
LTCZ20,distilled_rules,100,99,0.2222222222222222,0.898989898989899,0.09558823529411765,0.2727272727272727,0.2074051086117172,0.2164332624932197,576278.0595,12459.066275000003,0.19607843137254902,0.375,,0.978021978021978,0.4932837287149442
LTCZ20,cross_asset_logistic,100,99,0.5959595959595959,0.9191919191919192,0.3081989247311828,0.5360215053763441,0.14909531960157463,0.5864207648014543,576278.0595,19350.223374999998,0.8431372549019608,0.5,,1.0,0.13485346322058286
LTCZ21,frequency_baseline,15,14,0.35714285714285715,0.9285714285714286,0.17543859649122806,0.18796992481203006,0.4197394935308237,0.3718450165908832,,51975.19044444445,1.0,0.0,,1.0,0.14635717687061484
LTCZ21,distilled_rules,15,14,0.21428571428571427,0.8571428571428571,0.10909090909090909,0.3116883116883117,0.30464916877054254,0.30634206039129747,,13234.254444444443,0.0,0.375,,0.9230769230769231,0.4286826395527294
LTCZ21,cross_asset_logistic,15,14,0.7142857142857143,0.9285714285714286,0.4888888888888889,0.6952380952380952,0.31448992489462374,0.18737389963560286,,9143.860444444443,0.8,0.75,,1.0,0.086504789125968
LUNAUSD,frequency_baseline,75,74,0.527027027027027,0.8378378378378378,0.13411764705882354,0.4034976152623212,0.21840427552912367,0.5614849613837987,1023115.6051666666,47081.28932000001,1.0,0.0,,0.9253731343283582,0.2404271482110252
LUNAUSD,distilled_rules,75,74,0.13513513513513514,0.7972972972972973,0.07840579710144928,0.15624755189972583,0.19187634339146772,0.6561216021261886,1023115.6051666666,35103.24280000001,0.11627906976744186,0.2777777777777778,,0.8805970149253731,0.6411794704767737
LUNAUSD,cross_asset_logistic,75,74,0.06756756756756757,0.8648648648648649,0.021780303030303032,0.05251842751842752,0.12474516674419782,0.8341131400854612,1023115.6051666666,47081.28932000001,1.0,0.0,,0.9552238805970149,0.44132581099927437
TRXH21,frequency_baseline,151,150,0.47333333333333333,0.9133333333333333,0.0922077922077922,0.30551515151515146,0.16444766708030142,0.22095834068101225,410085.0664444444,38488.62454285714,1.0,0.0,,0.9856115107913669,0.2336607454772103
TRXH21,distilled_rules,151,150,0.2866666666666667,0.8733333333333333,0.0890896107154575,0.3486445486653928,0.15377234592837977,0.5702841656158564,410085.0664444444,31267.565985714285,0.29577464788732394,0.3728813559322034,,0.9424460431654677,0.4606686496967393
TRXH21,cross_asset_logistic,151,150,0.6933333333333334,0.92,0.24391434749250193,0.6398353909465021,0.1038991558731035,0.6669091444027997,410085.0664444444,15195.184328571428,0.9154929577464789,0.6610169491525424,,0.9928057553956835,0.08106143360177359
TRXM20,frequency_baseline,37,36,0.3611111111111111,0.8888888888888888,0.13265306122448978,0.19160997732426302,0.22814048109547005,0.18051977469891062,279828.477,31261.062049999997,1.0,0.0,,1.0,0.17137216442204006
TRXM20,distilled_rules,37,36,0.08333333333333333,0.7222222222222222,0.041666666666666664,0.1111111111111111,0.15700710662892195,0.7041015445253836,279828.477,11705.79145,0.0,0.1875,,0.8125,0.567018639411612
TRXM20,cross_asset_logistic,37,36,0.7222222222222222,0.8888888888888888,0.39943074003795065,0.6455829643685431,0.09713985655042863,0.8733746058828727,279828.477,11932.8139,0.9230769230769231,0.875,,1.0,0.12011839974539269
TRXM21,frequency_baseline,177,176,0.6534090909090909,0.9715909090909091,0.19759450171821308,0.5164401749453297,0.17520426270581202,0.05255692918198135,686805.5719999999,24093.409473684205,1.0,0.0,,1.0,0.1974469349939741
TRXM21,distilled_rules,177,176,0.3693181818181818,0.9488636363636364,0.17919400187441425,0.4599663457442276,0.06941044182193264,0.9417116902465075,686805.5719999999,19492.848017543856,0.41739130434782606,0.3269230769230769,,0.9766081871345029,0.32189272899029064
TRXM21,cross_asset_logistic,177,176,0.8409090909090909,0.9659090909090909,0.4164037216828479,0.817255534716093,0.05182295983702199,0.9725452910252159,686805.5719999999,13106.366561403509,0.9478260869565217,0.75,,0.9941520467836257,0.11962904706971574
TRXU20,frequency_baseline,113,112,0.4375,0.7321428571428571,0.1420343137254902,0.28262429971988795,0.16998762742008444,0.39357279129778483,294252.35988235293,31763.13697560976,1.0,0.0,,0.8817204301075269,0.1011540430361024
TRXU20,distilled_rules,113,112,0.13392857142857142,0.6071428571428571,0.1100776369069052,0.16344131252667835,0.1901757968943028,0.3861984954654761,292177.0776470588,17617.732170731702,0.12962962962962962,0.2727272727272727,,0.7096774193548387,0.5991895047986507
TRXU20,cross_asset_logistic,113,112,0.4107142857142857,0.7589285714285714,0.12284178999295278,0.2866990083559851,0.14667855264484533,0.4747541685073541,294252.35988235293,27396.65797560975,0.9259259259259259,0.4090909090909091,,0.9139784946236559,0.20883406737322655
TRXU21,frequency_baseline,45,44,0.5227272727272727,0.9545454545454546,0.17164179104477612,0.35888738127544095,0.3796342173901434,0.13704587814768165,2669344.6575,77992.43394736842,1.0,0.0,,1.0,0.2154734829516594
TRXU21,distilled_rules,45,44,0.29545454545454547,0.9545454545454546,0.15422222222222226,0.3197474747474748,0.25940148341988506,0.4373984668902482,2669344.6575,51067.461,0.08695652173913043,0.6470588235294118,,1.0,0.4542250199069844
TRXU21,cross_asset_logistic,45,44,0.7045454545454546,0.9545454545454546,0.36428982173663027,0.673244811542684,0.19306268654374514,0.5572846178711762,2669344.6575,5333.100315789474,0.8260869565217391,0.7058823529411765,,1.0,0.10535152577282225
TRXUSDT,frequency_baseline,7,6,1.0,1.0,1.0,1.0,0.4133012180249504,0.6327340632324985,,,1.0,,,1.0,0.45359900757491534
TRXUSDT,distilled_rules,7,6,0.3333333333333333,1.0,0.125,0.5,0.3288991804033726,0.9290137136783898,,,0.3333333333333333,,,1.0,0.4388068126117552
TRXUSDT,cross_asset_logistic,7,6,0.8333333333333334,1.0,0.45454545454545453,0.9090909090909091,0.10492551794126904,0.9789495764688249,,,0.8333333333333334,,,1.0,0.2345198309327702
TRXZ20,frequency_baseline,69,68,0.6176470588235294,0.8970588235294118,0.19090909090909092,0.47165775401069526,0.17916165697267736,0.28780326462568,638880.3269999999,81603.00645,1.0,0.0,,1.0,0.22790667042237123
TRXZ20,distilled_rules,69,68,0.16176470588235295,0.8235294117647058,0.06305500923773764,0.13882549265012636,0.2061392227226186,0.34985292706652105,638880.3269999999,65833.74325,0.07142857142857142,0.6153846153846154,,0.8852459016393442,0.528527807453049
TRXZ20,cross_asset_logistic,69,68,0.6617647058823529,0.8970588235294118,0.2904040404040404,0.5753119429590017,0.1346199922883231,0.6431561494860007,638880.3269999999,35380.503899999996,0.9761904761904762,0.3076923076923077,,1.0,0.11095679797605362
TRXZ21,frequency_baseline,23,22,0.2727272727272727,0.9545454545454546,0.14285714285714285,0.11688311688311687,0.4259486108000921,0.20508970863719442,,82177.35399999998,1.0,0.0,,1.0,0.3318228427322082
TRXZ21,distilled_rules,23,22,0.2727272727272727,0.9545454545454546,0.13695652173913042,0.3646245059288537,0.26698394171885326,0.45682660884551457,,69093.77381249999,0.16666666666666666,0.3333333333333333,,1.0,0.4456715387800626
TRXZ21,cross_asset_logistic,23,22,0.9090909090909091,0.9545454545454546,0.6155303030303031,0.887138429752066,0.14831077213039648,0.8353603500015585,,0.0,0.8333333333333334,1.0,,1.0,0.10526043943339332
UNIUSDT,frequency_baseline,74,73,0.6301369863013698,0.9452054794520548,0.19327731092436976,0.48716472890526075,0.17469279360600254,0.19650545825680368,2034671.9083333332,70450.82054166666,1.0,0.0,,1.0,0.24831249786970083
UNIUSDT,distilled_rules,74,73,0.1780821917808219,0.8356164383561644,0.09469696969696968,0.23337484433374842,0.13859561488362573,0.6192447158033623,2034671.9083333332,55624.23924999999,0.13043478260869565,0.35,,0.8840579710144928,0.27163060126370014
UNIUSDT,cross_asset_logistic,74,73,0.7534246575342466,0.9452054794520548,0.3557233704292527,0.7040965219853212,0.1021329009670809,0.8154928057214302,2034671.9083333332,64855.69662500001,0.9782608695652174,0.5,,1.0,0.12730144269391108
XBTM21,frequency_baseline,2,1,0.0,0.0,0.0,0.0,0.021136765389461437,,,34.479,,,,,0.6046511627906976
XBTM21,distilled_rules,2,1,0.0,0.0,0.0,0.0,0.0625,,,34.479,,,,,0.7543704115978903
XBTM21,cross_asset_logistic,2,1,0.0,0.0,0.0,0.0,0.003914833068847656,,,34.479,,,,,0.5529734703835913
XLMUSDT,frequency_baseline,6,5,0.4,0.8,0.1904761904761905,0.2285714285714286,0.4380353037356276,-0.19611613513818402,,11080.932666666668,1.0,0.0,,1.0,0.30585322258054326
XLMUSDT,distilled_rules,6,5,0.0,0.8,0.0,0.0,0.4833333333333334,-0.6081303192631499,,11080.932666666668,0.0,0.0,,1.0,0.6848542572743984
XLMUSDT,cross_asset_logistic,6,5,0.6,0.8,0.43333333333333335,0.52,0.457170295715332,-0.4427710864939616,,7478.585,1.0,0.5,,1.0,0.4892436740850604
XRPUSD,frequency_baseline,1206,1205,0.4580912863070539,0.8863070539419087,0.11699522102747908,0.300037924418864,0.12718911651238698,0.4587322869795087,921641.384113924,24274.860061224488,1.0,0.0,0.0,0.9484902309058615,0.06663682503736926
XRPUSD,distilled_rules,1206,1205,0.22821576763485477,0.7377593360995851,0.12793817961968126,0.27755907131970536,0.06499793424376538,0.8844262889954067,434731.9303291139,11895.422923933214,0.30067567567567566,0.15789473684210525,0.0,0.7735346358792184,0.4539740918531126
XRPUSD,cross_asset_logistic,1206,1205,0.6763485477178424,0.8804979253112033,0.2102664946389643,0.6162293701057624,0.03980731744020221,0.9619928987362828,921641.384113924,14753.269029684605,0.9121621621621622,0.6885964912280702,0.0,0.9422735346358793,0.07188641426275937
XTZUSDTZ20,frequency_baseline,9,8,0.875,0.875,0.4666666666666667,0.8166666666666667,0.3588968619049424,0.46102489970873306,,95844.394,1.0,,,1.0,0.389482851850754
XTZUSDTZ20,distilled_rules,9,8,0.25,0.875,0.11111111111111112,0.3888888888888889,0.2969515087526013,0.2249646232966627,,95844.394,0.2857142857142857,,,1.0,0.39995555162882956
XTZUSDTZ20,cross_asset_logistic,9,8,0.875,0.875,0.4666666666666667,0.8166666666666667,0.22898755754743302,0.28361967397317306,,95844.394,1.0,,,1.0,0.29520214697811414
YFIUSDTH21,frequency_baseline,78,77,0.6103896103896104,0.8701298701298701,0.1091753774680604,0.4664766128180763,0.24029720773773314,0.2012139290666701,500325.83928571426,74692.36652173914,1.0,0.0,,0.9710144927536232,0.07364142012365449
YFIUSDTH21,distilled_rules,78,77,0.14285714285714285,0.8311688311688312,0.05501152073732719,0.20907519899455382,0.1843533102315197,0.6177209817056211,500325.83928571426,61726.66943478263,0.2127659574468085,0.06666666666666667,,0.927536231884058,0.5411384452136884
YFIUSDTH21,cross_asset_logistic,78,77,0.7662337662337663,0.8701298701298701,0.2740939864595779,0.6820819562755047,0.12477091474086675,0.716539278071528,500325.83928571426,53795.85043478261,1.0,0.8,,0.9710144927536232,0.1962330228256779
YFIUSDTZ20,frequency_baseline,188,187,0.679144385026738,0.9411764705882353,0.20222929936305734,0.5493715726012467,0.1220456017612897,0.26874234350807075,114506.4859,29917.720079999996,1.0,0.0,,1.0,0.19093417196055137
YFIUSDTZ20,distilled_rules,188,187,0.4117647058823529,0.839572192513369,0.1516206482593037,0.46611692805464433,0.08709912514442533,0.3705668500946732,114506.4859,17406.69316,0.44881889763779526,0.48717948717948717,,0.8863636363636364,0.3050081142677161
YFIUSDTZ20,cross_asset_logistic,188,187,0.7379679144385026,0.8983957219251337,0.3435413245758074,0.6792883924729767,0.05295959497135591,0.48635546316733275,114506.4859,20791.201380000002,0.952755905511811,0.4358974358974359,,0.9545454545454546,0.10050624129009722
