source_venue,canonical_asset,event_rows,derived_OPEN_LONG,derived_ADD_LONG,derived_CLOSE_LONG,derived_REDUCE_LONG,same_timestamp_event_ties,temporal_rows,eligible_rows,label_ADD_LONG,source_actions_in_hour,label_NO_TRADE,label_CLOSE_LONG,label_OPEN_LONG,label_REDUCE_LONG,temporal_checks,derived_OPEN_SHORT,derived_ADD_SHORT,derived_CLOSE_SHORT,derived_REDUCE_SHORT,derived_FLIP_SHORT,label_OPEN_SHORT,label_REDUCE_SHORT,label_ADD_SHORT,label_CLOSE_SHORT,label_FLIP_LONG,label_FLIP_SHORT,derived_NO_TRADE,derived_FLIP_LONG,net_zero_label_hides_source_action
BITMEX,AAVEUSDT,84,5,51,4,24,2,2260,2260,33,82,2205,4,4,14,0,,,,,,,,,,,,,,
BITMEX,ADAM20,78,3,8,2,2,0,1263,1263,5,73,1213,2,1,2,0,7,29,9,17,1,7,14,11,6,1,1,,,
BITMEX,ADAUSD,17,1,7,,6,0,605,605,5,12,594,,,5,0,,1,1,,1,,,,,,1,,,
BITMEX,ADAUSDT,4,1,,1,2,0,21,21,,0,21,,,,0,,,,,,,,,,,,,,
BITMEX,ALTMEXUSD,14,2,10,2,,0,169,169,7,12,160,1,1,,0,,,,,,,,,,,,,,
BITMEX,AXSUSDT,83,,,,,0,1904,1859,,80,1856,,,,0,5,42,5,31,,4,20,20,4,,,,,
BITMEX,BCHH21,14,2,7,2,3,0,408,408,2,8,403,1,1,1,0,,,,,,,,,,,,,,
BITMEX,BCHUSD,43,4,29,4,4,1,3422,3422,8,38,3404,3,3,4,0,,,1,,1,,,,,,,,,
BITMEX,BMEXUSD,41,2,23,2,14,1,307,307,9,39,287,1,1,9,0,,,,,,,,,,,,,,
BITMEX,BNBUSD,6,1,4,1,,0,10,10,2,3,8,,,,0,,,,,,,,,,,,,,
BITMEX,BNBUSDT,25,6,11,6,2,0,3370,3370,7,21,3353,5,5,,0,,,,,,,,,,,,,,
BITMEX,BTC-PERP,20847,361,5556,368,4087,155,54466,54395,1407,20314,47189,258,239,1085,0,200,5341,195,4083,61,150,1708,2133,131,92,74,529,66,41
BITMEX,DOGEUSD,1052,43,545,42,368,2,27131,27113,307,1050,26523,40,41,192,0,4,24,5,18,2,4,7,9,5,1,2,,1,
BITMEX,DOGEUSDT,291,19,161,19,57,4,5383,5383,79,288,5222,17,17,26,0,7,20,7,1,,5,2,10,5,,,,,
BITMEX,DOTUSDT,90,7,42,6,33,1,3919,3919,16,84,3866,5,6,24,0,,,1,,1,,,,1,,1,,,
BITMEX,DOTUSDTH21,16,5,4,5,2,0,1680,1680,3,14,1667,4,4,2,0,,,,,,,,,,,,,,
BITMEX,EOSH21,4,2,,2,,0,171,171,,2,169,1,1,,0,,,,,,,,,,,,,,
BITMEX,EOSUSDTZ20,3,1,1,1,,0,47,47,1,1,46,,,,0,,,,,,,,,,,,,,
BITMEX,ETHH21,298,8,148,7,131,6,2130,2130,69,296,1993,7,6,53,0,1,1,2,,,1,,,1,,,,,1
BITMEX,ETHH22,144,4,85,4,51,1,1919,1919,35,141,1851,3,3,27,0,,,,,,,,,,,,,,
BITMEX,ETHH23,168,2,70,2,82,2,1355,1355,50,165,1250,1,1,46,0,1,4,,6,,,5,,,1,1,,1,
BITMEX,ETHH24,16,1,,,,0,1602,1602,,14,1590,,,,0,1,5,1,8,,,8,3,1,,,,,
BITMEX,ETHM20,11,2,4,2,3,0,678,678,3,8,672,1,1,1,0,,,,,,,,,,,,,,
BITMEX,ETHM21,27,4,8,4,8,0,1694,1694,6,25,1673,3,3,6,0,1,1,1,,,1,,1,1,,,,,
BITMEX,ETHM22,147,2,49,1,93,1,2173,2102,32,145,2105,1,1,32,0,,,,,1,,,,,1,1,,1,
BITMEX,ETHM23,152,1,65,1,46,10,2331,2321,34,144,2248,1,,23,0,1,24,,14,,1,8,16,,,,,,
BITMEX,ETHM24,86,1,70,,15,0,1990,1990,56,84,1924,,,10,0,,,,,,,,,,,,,,
BITMEX,ETHU20,32,8,10,9,5,0,1077,1077,3,30,1058,7,6,3,0,,,,,,,,,,,,,,1
BITMEX,ETHU21,54,5,23,5,21,3,933,933,13,49,896,4,4,16,0,,,,,,,,,,,,,,
BITMEX,ETHU22,25,1,7,,4,0,2028,2028,4,20,2009,,,4,0,,10,1,1,1,,1,9,,,1,,,
BITMEX,ETHU23,65,,,,,1,1349,1349,,60,1307,,,,0,1,44,,20,,,15,27,,,,,,
BITMEX,ETHU24,43,1,28,,14,1,1916,1916,17,41,1886,,,13,0,,,,,,,,,,,,,,
BITMEX,ETHUSD,3536,145,1560,140,860,18,32756,32756,507,3533,31324,123,121,301,0,64,482,71,194,12,55,67,184,53,11,10,,8,13
BITMEX,ETHUSDZ20,2,1,,1,,0,2,2,,0,2,,,,0,,,,,,,,,,,,,,
BITMEX,ETHZ20,207,9,126,8,64,4,1377,1377,85,205,1241,8,8,35,0,,,,,,,,,,,,,,
BITMEX,ETHZ21,307,3,161,2,141,3,1984,1984,116,305,1774,2,2,90,0,,,,,,,,,,,,,,
BITMEX,ETHZ22,53,3,21,3,26,0,1433,1433,17,50,1396,2,2,16,0,,,,,,,,,,,,,,
BITMEX,ETHZ23,72,1,1,,1,1,1965,1965,,70,1916,,1,,0,1,37,2,26,2,,19,25,1,1,2,,1,
BITMEX,ETHZ24,26,1,20,,5,0,1602,1602,17,23,1580,,,5,0,,,,,,,,,,,,,,
BITMEX,LINKUSDT,35,5,18,5,7,0,5569,5569,6,25,5550,4,4,5,0,,,,,,,,,,,,,,
BITMEX,LINKUSDTZ20,6,1,1,1,,0,278,246,,3,276,1,,,0,1,1,1,,,1,,,,,,,,
BITMEX,LTCH21,140,7,79,7,47,5,2044,2044,39,137,1971,6,6,22,0,,,,,,,,,,,,,,
BITMEX,LTCM20,18,1,4,1,4,0,910,910,1,16,898,,1,4,0,1,3,1,1,1,,1,2,1,1,1,,1,
BITMEX,LTCM21,10,2,6,2,,0,625,625,2,8,621,1,1,,0,,,,,,,,,,,,,,
BITMEX,LTCU20,86,8,47,8,23,5,1673,1673,19,83,1626,7,7,14,0,,,,,,,,,,,,,,
BITMEX,LTCU21,18,3,10,3,2,0,1084,1084,4,16,1072,3,3,2,0,,,,,,,,,,,,,,
BITMEX,LTCUSD,1353,56,730,55,491,10,29333,29315,260,1350,28742,51,52,215,0,2,1,5,9,3,1,6,,2,1,3,,1,2
BITMEX,LTCZ20,100,9,51,8,32,0,2032,2032,29,97,1966,8,8,21,0,,,,,,,,,,,,,,
BITMEX,LTCZ21,15,1,5,1,8,0,164,164,4,12,154,,,6,0,,,,,,,,,,,,,,
BITMEX,LUNAUSD,75,3,3,3,1,0,2253,2253,2,72,2203,3,2,,0,4,40,4,17,,4,14,22,3,,,,,
BITMEX,ORDIUSD,9,1,8,,,0,847,847,4,6,843,,,,0,,,,,,,,,,,,,,
BITMEX,TRXH21,151,9,71,9,60,4,1998,1998,29,149,1913,8,8,40,0,1,,1,,,,,,,,,,,1
BITMEX,TRXM20,37,4,13,4,16,0,541,541,7,35,522,2,2,8,0,,,,,,,,,,,,,,
BITMEX,TRXM21,177,5,115,5,52,8,1490,1490,43,175,1411,4,4,28,0,,,,,,,,,,,,,,1
BITMEX,TRXU20,113,11,41,12,21,3,2047,2047,21,110,1982,10,10,16,0,7,13,7,1,,3,1,1,3,,,,,3
BITMEX,TRXU21,45,3,23,2,17,1,2088,2088,17,39,2057,2,2,10,0,,,,,,,,,,,,,,
BITMEX,TRXUSDT,7,1,6,,,0,88,88,3,3,85,,,,0,,,,,,,,,,,,,,
BITMEX,TRXZ20,69,7,42,7,13,0,1805,1805,28,67,1753,6,6,12,0,,,,,,,,,,,,,,
BITMEX,TRXZ21,23,1,6,1,15,0,445,445,4,19,429,,,12,0,,,,,,,,,,,,,,
BITMEX,UNIUSDT,74,4,46,4,20,0,2363,2363,14,65,2331,3,3,12,0,,,,,,,,,,,,,,
BITMEX,XLMUSDT,6,1,2,1,2,0,8,8,,2,6,,,2,0,,,,,,,,,,,,,,
BITMEX,XRPUSD,1206,60,493,57,424,11,25305,25305,130,1194,24928,50,53,94,0,15,99,18,35,4,11,8,12,14,1,4,,1,5
BITMEX,XTZUSDTZ20,9,1,7,1,,0,77,77,5,6,72,,,,0,,,,,,,,,,,,,,
BITMEX,YFIUSDTH21,78,7,47,7,15,0,1619,1619,17,74,1579,6,6,11,0,1,,1,,,,,,,,,,,1
BITMEX,YFIUSDTZ20,188,11,127,11,39,3,1297,1241,67,182,1191,8,8,23,0,,,,,,,,,,,,,,1
HYPERLIQUID,BTC-PERP,321,1,121,,154,106,5796,5796,66,318,5639,,,75,0,,16,,19,5,,4,4,,4,4,,5,
