symbol,decision_row_count,order_row_count,synthetic_row_count,first_decision_time_utc,last_decision_time_utc,instrument_class,payout_model,quote_currency,settlement_currency,multiplier_major,resolved_lot_size,terms_resolution_status,train_position_scale_contracts,market_coverage_status,market_bar_count,market_grid_gap_count
AAVEUSDT,84,84,0,2021-07-27T21:27:02.794000Z,2021-10-30T02:19:57.153000Z,DERIVATIVE,QUANTO,USDT,XBT,0.000001,1000,SNAPSHOT_FALLBACK,9677.0,PASS,2358,0
ADAM20,78,78,0,2020-05-02T14:26:45.069000Z,2020-06-24T06:16:37.784000Z,DERIVATIVE,LINEAR,XBT,XBT,1,1,SNAPSHOT_FALLBACK,1828163.0,PASS,1361,0
ADAUSD,17,17,0,2021-10-26T05:00:42.074000Z,2021-11-20T11:47:48.728000Z,DERIVATIVE,QUANTO,USD,XBT,0.0001,1,SNAPSHOT_FALLBACK,15000.0,PASS,703,0
ADAUSDT,4,4,0,2021-08-09T18:47:45.807000Z,2021-08-10T16:42:44.902000Z,DERIVATIVE,QUANTO,USDT,XBT,0.01,1000,SNAPSHOT_FALLBACK,544.0,PASS,119,0
ALTMEXUSD,14,14,0,2021-07-23T04:23:53.756000Z,2021-07-30T06:04:36.025000Z,DERIVATIVE,QUANTO,USD,XBT,0.000001,1,SNAPSHOT_FALLBACK,10032.0,PASS,243,0
AXSUSDT,83,83,0,2021-08-11T07:20:56.717000Z,2021-10-29T16:16:08.976000Z,DERIVATIVE,QUANTO,USDT,XBT,0.00001,1,SNAPSHOT_FALLBACK,24473.0,PASS,1933,0
BCHH21,14,14,0,2021-01-20T00:52:39.433000Z,2021-02-06T01:40:29.690000Z,DERIVATIVE,LINEAR,XBT,XBT,1,1,SNAPSHOT_FALLBACK,400.0,PASS,506,0
BCHUSD,43,43,0,2020-09-13T01:17:39.200000Z,2021-02-02T16:14:13.307000Z,DERIVATIVE,QUANTO,USD,XBT,0.000001,1,SNAPSHOT_FALLBACK,23000.0,PASS,3520,0
BMEXUSD,41,41,0,2022-11-16T01:22:48.452000Z,2022-11-28T21:05:09.635000Z,DERIVATIVE,QUANTO,USD,XBT,0.00001,1,SNAPSHOT_FALLBACK,1.0,PASS,405,0
BNBUSD,6,6,0,2022-01-15T09:17:33.275000Z,2022-01-15T20:01:11.657000Z,DERIVATIVE,QUANTO,USD,XBT,0.000001,1,SNAPSHOT_FALLBACK,3300.0,PASS,108,0
BNBUSDT,25,25,0,2021-05-24T05:47:01.011000Z,2021-10-11T16:32:17.338000Z,DERIVATIVE,QUANTO,USDT,XBT,0.000001,100,SNAPSHOT_FALLBACK,5465.0,PASS,3468,0
DOGEUSD,1052,1052,0,2021-10-01T10:11:06.936000Z,2024-11-04T22:30:18.788000Z,DERIVATIVE,QUANTO,USD,XBT,0.001,1,SNAPSHOT_FALLBACK,37884.0,PASS,27187,0
DOGEUSDT,291,291,0,2021-02-08T04:42:56.268000Z,2021-09-20T12:37:28.036000Z,DERIVATIVE,QUANTO,USDT,XBT,0.001,1000,SNAPSHOT_FALLBACK,77777.0,PASS,5457,0
DOTUSDT,90,90,0,2021-03-06T23:27:08.836000Z,2021-08-17T07:04:54.304000Z,DERIVATIVE,QUANTO,USDT,XBT,0.0001,1000,SNAPSHOT_FALLBACK,21109.0,PASS,4012,0
DOTUSDTH21,16,16,0,2021-01-13T22:27:28.708000Z,2021-03-24T23:29:45.915000Z,DERIVATIVE,QUANTO,USDT,XBT,0.0001,1,SNAPSHOT_FALLBACK,414.0,PASS,1778,0
EOSH21,4,4,0,2021-01-31T11:31:18.385000Z,2021-02-07T15:38:03.522000Z,DERIVATIVE,LINEAR,XBT,XBT,1,1,SNAPSHOT_FALLBACK,5555.0,PASS,269,0
EOSUSDTZ20,3,3,0,2020-10-12T14:58:26.272000Z,2020-10-14T14:29:40.627000Z,DERIVATIVE,QUANTO,USDT,XBT,0.0001,1,SNAPSHOT_FALLBACK,11110.0,PASS,145,0
ETHH21,298,298,0,2020-12-26T15:54:11.011000Z,2021-03-25T10:56:12.955000Z,DERIVATIVE,LINEAR,XBT,XBT,1,1,SNAPSHOT_FALLBACK,935.0,PASS,2228,0
ETHH22,144,144,0,2021-12-31T20:19:58.340000Z,2022-03-21T20:14:22.063000Z,DERIVATIVE,LINEAR,XBT,XBT,0.00001,1000,SNAPSHOT_FALLBACK,36306000.0,PASS,2017,0
ETHH23,168,168,0,2023-02-01T14:53:14.510000Z,2023-03-30T02:32:09.822000Z,DERIVATIVE,LINEAR,XBT,XBT,0.00001,1000,SNAPSHOT_FALLBACK,1.0,PASS,1453,0
ETHH24,16,16,0,2024-01-12T13:59:36.205000Z,2024-03-19T08:55:31.231000Z,DERIVATIVE,LINEAR,XBT,XBT,0.00001,1000,SNAPSHOT_FALLBACK,1.0,PASS,1700,0
ETHM20,11,11,0,2020-05-29T00:07:56.507000Z,2020-06-26T07:16:24.011000Z,DERIVATIVE,LINEAR,XBT,XBT,1,1,SNAPSHOT_FALLBACK,552.0,PASS,776,0
ETHM21,27,27,0,2021-03-26T23:49:14.441000Z,2021-06-05T14:15:59.838000Z,DERIVATIVE,LINEAR,XBT,XBT,1,1,SNAPSHOT_FALLBACK,157.0,PASS,1792,0
ETHM22,147,147,0,2022-03-16T07:47:35.207000Z,2022-06-14T21:41:27.079000Z,DERIVATIVE,LINEAR,XBT,XBT,0.00001,1000,SNAPSHOT_FALLBACK,8946000.0,PASS,2176,0
ETHM23,152,152,0,2023-03-23T15:38:09.675000Z,2023-06-28T19:30:21.150000Z,DERIVATIVE,LINEAR,XBT,XBT,0.00001,1000,SNAPSHOT_FALLBACK,1.0,PASS,2429,0
ETHM24,86,86,0,2024-04-04T20:10:55.922000Z,2024-06-26T19:21:25.516000Z,DERIVATIVE,LINEAR,XBT,XBT,0.00001,1000,SNAPSHOT_FALLBACK,1.0,PASS,2088,0
ETHU20,32,32,0,2020-07-06T21:23:16.149000Z,2020-08-20T19:34:39.661000Z,DERIVATIVE,LINEAR,XBT,XBT,1,1,SNAPSHOT_FALLBACK,332.0,PASS,1175,0
ETHU21,54,54,0,2021-06-24T16:01:32.517000Z,2021-08-02T14:26:01.408000Z,DERIVATIVE,LINEAR,XBT,XBT,1,1,SNAPSHOT_FALLBACK,408.0,PASS,1031,0
ETHU22,25,25,0,2022-06-24T19:44:49.420000Z,2022-09-17T08:34:43.983000Z,DERIVATIVE,LINEAR,XBT,XBT,0.00001,1000,SNAPSHOT_FALLBACK,1.0,PASS,2126,0
ETHU23,65,65,0,2023-08-04T01:20:15.739000Z,2023-09-29T07:54:29.429000Z,DERIVATIVE,LINEAR,XBT,XBT,0.00001,1000,SNAPSHOT_FALLBACK,1.0,PASS,1447,0
ETHU24,43,43,0,2024-06-20T07:23:01.167000Z,2024-09-08T04:55:24.477000Z,DERIVATIVE,LINEAR,XBT,XBT,0.00001,1000,SNAPSHOT_FALLBACK,1.0,PASS,2014,0
ETHUSD,3536,3536,0,2020-06-01T22:24:28.491000Z,2024-02-26T19:44:55.050000Z,DERIVATIVE,QUANTO,USD,XBT,0.000001,1,SNAPSHOT_FALLBACK,102665.0,PASS,32854,0
ETHUSDZ20,2,2,0,2020-10-12T13:39:21.644000Z,2020-10-12T16:32:24.038000Z,DERIVATIVE,QUANTO,USD,XBT,0.000001,1,SNAPSHOT_FALLBACK,1111.0,PASS,100,0
ETHZ20,207,207,0,2020-10-28T11:17:12.414000Z,2020-12-24T21:29:28.485000Z,DERIVATIVE,LINEAR,XBT,XBT,1,1,SNAPSHOT_FALLBACK,1046.0,PASS,1475,0
ETHZ21,307,307,0,2021-10-05T21:55:06.009000Z,2021-12-27T14:40:48.062000Z,DERIVATIVE,LINEAR,XBT,XBT,0.00000001,1000000,SNAPSHOT_FALLBACK,40711000000.0,PASS,2082,0
ETHZ22,53,53,0,2022-10-22T22:00:42.461000Z,2022-12-21T16:19:51.536000Z,DERIVATIVE,LINEAR,XBT,XBT,0.00001,1000,SNAPSHOT_FALLBACK,1.0,PASS,1531,0
ETHZ23,72,72,0,2023-09-29T20:51:15.892000Z,2023-12-20T18:35:09.221000Z,DERIVATIVE,LINEAR,XBT,XBT,0.00001,1000,SNAPSHOT_FALLBACK,1.0,PASS,2063,0
ETHZ24,26,26,0,2024-10-14T15:26:28.211000Z,2024-12-20T10:14:54.859000Z,DERIVATIVE,LINEAR,XBT,XBT,0.00001,1000,SNAPSHOT_FALLBACK,1.0,PASS,1700,0
LINKUSDT,35,35,0,2021-02-02T07:30:06.999000Z,2021-09-22T09:13:54.442000Z,DERIVATIVE,QUANTO,USDT,XBT,0.0001,100,SNAPSHOT_FALLBACK,2333.0,PASS,5667,0
LINKUSDTZ20,6,6,0,2020-09-13T00:07:48.984000Z,2020-09-24T15:38:46.277000Z,DERIVATIVE,QUANTO,USDT,XBT,0.0001,1,SNAPSHOT_FALLBACK,321.0,PASS,320,0
LTCH21,140,140,0,2020-12-25T18:30:08.190000Z,2021-03-20T23:21:36.995000Z,DERIVATIVE,LINEAR,XBT,XBT,1,1,SNAPSHOT_FALLBACK,2785.0,PASS,2142,0
LTCM20,18,18,0,2020-05-01T23:45:58.220000Z,2020-06-08T22:11:45.084000Z,DERIVATIVE,LINEAR,XBT,XBT,1,1,SNAPSHOT_FALLBACK,3719.0,PASS,1008,0
LTCM21,10,10,0,2021-03-29T02:41:02.762000Z,2021-04-24T04:42:07.116000Z,DERIVATIVE,LINEAR,XBT,XBT,1,1,SNAPSHOT_FALLBACK,700.0,PASS,723,0
LTCU20,86,86,0,2020-06-26T12:29:11.610000Z,2020-09-04T06:40:57.323000Z,DERIVATIVE,LINEAR,XBT,XBT,1,1,SNAPSHOT_FALLBACK,2090.0,PASS,1771,0
LTCU21,18,18,0,2021-08-10T06:48:12.576000Z,2021-09-24T11:06:35.182000Z,DERIVATIVE,LINEAR,XBT,XBT,1,1,SNAPSHOT_FALLBACK,1000.0,PASS,1182,0
LTCUSD,1353,1353,0,2020-08-01T10:10:23.992000Z,2023-12-06T16:47:47.204000Z,DERIVATIVE,QUANTO,USD,XBT,0.000002,1,SNAPSHOT_FALLBACK,106109.0,PASS,29389,0
LTCZ20,100,100,0,2020-10-01T14:22:13.848000Z,2020-12-25T07:40:37.383000Z,DERIVATIVE,LINEAR,XBT,XBT,1,1,SNAPSHOT_FALLBACK,1647.0,PASS,2130,0
LTCZ21,15,15,0,2021-12-06T22:19:25.621000Z,2021-12-13T19:14:17.448000Z,DERIVATIVE,LINEAR,XBT,XBT,0.00000001,10000000,SNAPSHOT_FALLBACK,299900000000.0,PASS,262,0
LUNAUSD,75,75,0,2021-10-20T09:55:35.965000Z,2022-01-22T07:31:04.170000Z,DERIVATIVE,QUANTO,USD,XBT,0.00001,1,SNAPSHOT_FALLBACK,3000.0,PASS,2351,0
ORDIUSD,9,9,0,2023-06-09T01:29:30.612000Z,2023-07-14T09:37:00.947000Z,DERIVATIVE,QUANTO,USD,XBT,0.00001,1,SNAPSHOT_FALLBACK,1.0,PASS,945,0
TRXH21,151,151,0,2020-12-27T16:00:37.274000Z,2021-03-20T23:20:45.051000Z,DERIVATIVE,LINEAR,XBT,XBT,1,1,SNAPSHOT_FALLBACK,5750000.0,PASS,2096,0
TRXM20,37,37,0,2020-05-22T21:43:52.981000Z,2020-06-14T11:15:54.307000Z,DERIVATIVE,LINEAR,XBT,XBT,1,1,SNAPSHOT_FALLBACK,4000000.0,PASS,639,0
TRXM21,177,177,0,2021-03-19T17:56:44.382000Z,2021-05-20T20:47:47.701000Z,DERIVATIVE,LINEAR,XBT,XBT,1,1,SNAPSHOT_FALLBACK,5300000.0,PASS,1588,0
TRXU20,113,113,0,2020-06-30T10:17:05.892000Z,2020-09-23T18:49:35.589000Z,DERIVATIVE,LINEAR,XBT,XBT,1,1,SNAPSHOT_FALLBACK,7300000.0,PASS,2145,0
TRXU21,45,45,0,2021-06-29T04:16:50.250000Z,2021-09-24T05:55:20.009000Z,DERIVATIVE,LINEAR,XBT,XBT,1,100,SNAPSHOT_FALLBACK,2510500.0,PASS,2186,0
TRXUSDT,7,7,0,2021-10-29T17:27:32.668000Z,2021-11-02T10:58:24.038000Z,DERIVATIVE,QUANTO,USDT,XBT,0.001,100,SNAPSHOT_FALLBACK,8332.0,PASS,186,0
TRXZ20,69,69,0,2020-10-02T04:39:11.650000Z,2020-12-16T10:03:47.449000Z,DERIVATIVE,LINEAR,XBT,XBT,1,1,SNAPSHOT_FALLBACK,3980667.0,PASS,1903,0
TRXZ21,23,23,0,2021-11-15T06:44:35.666000Z,2021-12-03T20:38:43.835000Z,DERIVATIVE,LINEAR,XBT,XBT,0.00000001,10000000000,SNAPSHOT_FALLBACK,350000000000000.0,PASS,543,0
UNIUSDT,74,74,0,2021-04-06T01:12:53.327000Z,2021-07-13T13:44:24.421000Z,DERIVATIVE,QUANTO,USDT,XBT,0.00001,10,SNAPSHOT_FALLBACK,19221.0,PASS,2461,0
XBTM21,2,2,0,2021-06-05T14:47:48.300000Z,2021-06-05T14:48:22.779000Z,DERIVATIVE,INVERSE,USD,XBT,1,1,MATCHED,333333.0,PASS,97,0
XBTUSD,20845,20316,529,2020-05-01T09:03:47.360000Z,2026-07-18T21:17:31.514000Z,DERIVATIVE,INVERSE,USD,XBT,1,1,MATCHED,7663279.0,INSUFFICIENT,54469,0
XLMUSDT,6,6,0,2021-04-11T00:32:18.902000Z,2021-04-11T09:59:19.606000Z,DERIVATIVE,QUANTO,USDT,XBT,0.001,100,SNAPSHOT_FALLBACK,3333.0,PASS,106,0
XRPUSD,1206,1206,0,2020-07-25T20:39:42.895000Z,2023-06-15T06:59:21.588000Z,DERIVATIVE,QUANTO,USD,XBT,0.0002,1,SNAPSHOT_FALLBACK,305550.0,PASS,25403,0
XTZUSDTZ20,9,9,0,2020-10-10T07:58:05.289000Z,2020-10-13T13:57:53.783000Z,DERIVATIVE,QUANTO,USDT,XBT,0.0001,1,SNAPSHOT_FALLBACK,14000.0,PASS,175,0
YFIUSDTH21,78,78,0,2020-12-31T07:06:20.957000Z,2021-03-08T19:31:47.458000Z,DERIVATIVE,QUANTO,USDT,XBT,0.0000001,1,SNAPSHOT_FALLBACK,1668.0,PASS,1717,0
YFIUSDTZ20,188,188,0,2020-10-30T20:01:47.433000Z,2020-12-23T22:20:39.380000Z,DERIVATIVE,QUANTO,USDT,XBT,0.0000001,1,SNAPSHOT_FALLBACK,8000.0,PASS,1315,0
