chain_status,symbol,group_count,trade_count,sample_orderID,sample_raw_cumQty_order,sample_recovered_execID_order
AMBIGUOUS,AAVEUSDT,1,2,7838eecd-37dc-4793-8cfb-ecfa4b175f30,"2669,2658","16d21d1e-a6e4-abc9-9311-1ff8bdee79a6,f54b3283-53f8-93fe-cc60-4c64f44bc772"
AMBIGUOUS,ADAUSD,2,4,3d6638c8-88d7-4cda-a146-4dd11fbaf664,"1890,2510","6c2e1402-8a4d-4b84-e003-ef734c8ba747,8b08d503-69e4-6d6d-2819-de333c0bc863"
AMBIGUOUS,ADAUSDT,1,2,9234444e-bc38-4f64-9dd3-ea270e53042b,"247,248","53185d22-c890-95d7-2ef5-7f4f235ab384,b76a049c-089f-d49e-cfff-f6bc5db67e3a"
AMBIGUOUS,AXSUSDT,18,56,606ec323-82ae-44d3-8f6c-6ada5bb24daa,"78,52","5502e8aa-d336-e3f4-94d4-83814ef5df58,5adf7b8c-c3ac-00fd-488c-3e14f3b526bc"
AMBIGUOUS,BNBUSDT,1,2,9492b8ec-5479-4b45-b002-408fd6d23e6b,"266,343","c612860f-c93f-0529-f8e9-cfab04ff0aff,3ce5272d-9029-1cbe-f69b-f4d24a0c5131"
AMBIGUOUS,DOGEUSD,40,90,aa1c8f71-0770-4306-90d6-d52ecf647115,"3115,3161","6a4a5d59-d477-9583-b07e-86fae9d72f6b,8e1fefce-61ee-9f7b-fa0c-f29899abfe20"
AMBIGUOUS,DOGEUSDT,9,19,2d5b58f5-ac36-4044-b695-174d4359dd8a,"2608,2633","d3d9e7c9-82e6-3acb-73d0-ae6c3fd502e6,019e57f7-69b2-a29f-35a2-f824905fc503"
AMBIGUOUS,DOTUSDT,5,10,4042856e-a156-439e-8d66-92d7b8e0476c,"92,94","0b5b1b5c-088a-d63f-816b-bbc23904b532,67bfac9e-0403-8e2f-d23d-c0ba74be93b3"
AMBIGUOUS,ETHM21,1,2,00bea35e-3b28-4791-9ce1-df1e0c41190f,"11,9","9239004d-0a1e-25db-f02e-9cdd40539a20,ff198c79-2302-7e1b-1444-3f6bd6be597c"
AMBIGUOUS,ETHM24,3,7,a7b470a2-63ae-4a6f-ba24-c982ff1c864d,"170000,200000","00000000-006d-1000-0000-0006857977ac,00000000-006d-1000-0000-0006857977b0"
AMBIGUOUS,ETHU20,2,13,377c2b03-1edd-c7fa-7d6f-68cdcb411e4d,"27,17","701702a9-ea29-e487-901b-da5b83081299,acd95ac8-6315-552b-b9fc-e206af95240b"
AMBIGUOUS,ETHU24,1,2,ac27fac0-e2fd-4420-a6d1-25611c6630ac,"294000,300000","00000000-006d-1000-0000-0008cb9e86e8,00000000-006d-1000-0000-0008cb9e86ec"
AMBIGUOUS,ETHUSD,22,47,75e235a4-ef9a-4ff3-ac3d-5a6b35ce0a9a,"666,587","78312ac5-786c-d8e4-16c3-d0cbaa186719,fce7eb06-ef74-1f49-6724-9e714eaa0da3"
AMBIGUOUS,LTCUSD,9,18,9083086b-a01d-4154-85b5-94e7d4477574,"634,1034","7d367f62-cc3b-5f44-b786-87b29c33f04f,eecaacb0-988c-6d92-3cb7-5ec25dd127eb"
AMBIGUOUS,LUNAUSD,1,2,6c4a67c5-9ff4-46ac-bad8-57843abbc214,"38,43","b025aa2b-71f1-5ab7-a963-8bec209d709c,44beff1c-bd4d-b062-522d-8b8afaaaae3a"
AMBIGUOUS,TRXM21,5,10,f833a013-8158-4988-a71d-6ddd66fd7306,"39028,38189","48ff255b-848c-de34-5d47-78c2a8e10a61,7f83a986-28f2-f571-9dc0-73d992617320"
AMBIGUOUS,TRXU21,1,2,7b3c198d-b837-4d2b-a261-9041456c6dad,"700900,708100","54a92001-71ea-98d7-d157-faedb4d727b5,40933f14-4189-d6e6-c1d2-311902c85067"
AMBIGUOUS,XBTUSD,651,1480,01f7fd7a-acf5-4dac-86ed-fd59cea17715,"51207,53333","82c399df-4ed9-22d0-1272-13fc4fcd3389,9a91f573-4bcf-cd67-6d71-7e24ff783c12"
AMBIGUOUS,XLMUSDT,1,2,280ca6e2-c580-479f-8cd1-9792ce0ee4ef,"85,88","ed7565ae-24ad-e2b0-a313-120f7ee42ab2,02db1079-a035-0506-27be-588cea247d13"
AMBIGUOUS,XRPUSD,6,12,b6daff4f-30e1-4075-9eff-e9aeb667965e,"1186,2824","dfa2914b-3af1-559d-db6a-7d82b188052e,0832a0bd-6414-e805-fec4-2057f90875bf"
UNIQUE_CUMQTY_CHAIN,AAVEUSDT,6,14,53bf0992-5a1f-418f-bed7-73a024b92690,"176,15","dfe8959e-04cf-3b55-3509-a87e6c97fca2,47dccee0-c669-6e70-606e-ee7b0ddb0af4"
UNIQUE_CUMQTY_CHAIN,ADAM20,20,114,d689609d-bed9-5cd7-3b25-826d3e00ce83,"214267,113307,210427","7a20592a-c58a-9e90-7b44-b1488d2e2db2,df2c768d-790c-e8c9-2308-f49f5d20f94c,4c8d5cfc-a3f8-276d-be6b-5a43aae37d7d"
UNIQUE_CUMQTY_CHAIN,ADAUSD,6,36,84407a53-7b7e-4a45-9e41-1676fcc3d882,"1602,1383,1017,1000,5000","d8d7b530-fabb-620f-6855-ac8a215439a9,c5679ac6-ab62-9f74-f0b3-3fb519f6a008,3befdeef-0728-eb46-e5ad-b2cd8e0003a6,2330433b-179d-215c-686e-f77aa51b4793,e3df7c9d-8710-f0aa-ae51-4675ea1e23da"
UNIQUE_CUMQTY_CHAIN,ADAUSDT,4,18,9234444e-bc38-4f64-9dd3-ea270e53042b,"22,14,16,27","207bd2c8-4c40-b7c4-9101-5710f934a712,3ea4b79f-ec55-947c-dc8e-ccb259e4f25b,0cd91e3b-775a-2c53-cd0a-65fee9865756,c7e130e9-3d1d-64d5-130f-8e49f8ef9e83"
UNIQUE_CUMQTY_CHAIN,ALTMEXUSD,1,4,056ea6e9-bf37-47c7-925f-acd7f66a854e,"9362,10032,9364,2365","d8cc65fc-631c-dc87-3329-9c07bcd9a02b,107eebe8-cd00-fed0-b070-911b38575e54,73b01b8a-e4ad-aa04-b6df-a2d7a2dc1394,117c6ee5-e9a7-a54d-e350-192a0e870e80"
UNIQUE_CUMQTY_CHAIN,AXSUSDT,5,26,2f8af680-a0d1-469f-92c8-51a3ea13fec8,"1244,65,235,64,578,101","afdc378d-0dd3-591a-acbe-2a2eb7d7179e,8ea779e1-9f6b-cee3-b549-aece1fa4df25,eed70e6d-73bb-1bb0-3e41-97a8dc8a4679,ab9ed07c-937d-b975-849b-499fbdd359a7,c6035b0d-088c-ba08-89f3-d33b45b7773e,73668eb0-46a8-7a6d-03d6-a2ea27e1339a"
UNIQUE_CUMQTY_CHAIN,BCHH21,6,22,3f07be0e-e0e7-496a-ac5a-bc89a6c8df8f,"21,18,16","cd8155ea-01c1-c10f-f6b9-598ae29564d7,b3d50ee6-1ae3-3eb5-d14e-34b8b0059133,a6fc621e-6f59-49b3-1492-14aad0365667"
UNIQUE_CUMQTY_CHAIN,BCHUSD,10,52,30c60d05-1121-2179-bf31-6241c5ce8635,"102,103","157f59be-169b-4478-c79d-44ffc8e2bb36,d5b9b232-d98e-e209-da2c-4b4a5cc756ae"
UNIQUE_CUMQTY_CHAIN,BMEXUSD,6,13,9522d7b0-e416-4485-8b0e-88efffef308e,"3500,1433","e9ba3c57-0f59-b7af-0622-4433565e03aa,38082688-69fb-7d97-1149-12bf5dc0d6d3"
UNIQUE_CUMQTY_CHAIN,BNBUSD,1,5,60f4f083-3927-4fb8-9ac8-7bcdc2a54fca,"87,125,62,63,2500","85218191-1501-5897-c51d-2ce5dc2b6b14,ede42a11-1b64-bfb5-50e9-05057ee49345,741b203c-028b-5fd0-2a04-e1084eefd4a9,841df6ec-fa92-b2f0-3b52-ad5ecefcbcac,f56a84ce-ffaf-9455-10d7-33ce56c53173"
UNIQUE_CUMQTY_CHAIN,BNBUSDT,5,14,245b11d1-9e93-4a3f-9d42-fd86820a5a16,"382,566","3fd8aa84-3ef3-d889-c432-6e540fb8e0ce,a1ac8009-dd2a-335a-7a02-47b4e62d0014"
UNIQUE_CUMQTY_CHAIN,DOGEUSD,254,1122,be9eee43-24fa-441d-9755-e482c1c1449c,"989,992","2826ca91-42e6-4fb1-1a0b-a47b5ed3495a,6cc4b05d-cd23-1ea0-0374-27c1c51c5183"
UNIQUE_CUMQTY_CHAIN,DOGEUSDT,61,325,75c231b0-883c-4bb1-99df-f3d5346079bf,"500,1000","6a7cb566-7501-7640-bc94-560a26e3a3c1,b988af21-338e-02ae-7d87-d2911eac4a51"
UNIQUE_CUMQTY_CHAIN,DOTUSDT,7,33,545ea95b-7997-4b0a-b86d-291dff2e763f,"100,135,114","8bcc75fe-63fc-3a7b-1d29-54ba620cf7f1,ebb56a97-d61e-f842-d758-224da895b9e8,e6cc63af-fa14-e222-6722-a2d1f3ef1f2f"
UNIQUE_CUMQTY_CHAIN,DOTUSDTH21,4,12,0e6d3069-eed8-4998-9db7-1b86b7d35397,"10,31","1b92bbf8-1439-e357-6176-6a48fd930e85,938d979b-9598-fd0b-7293-8a9288695dc1"
UNIQUE_CUMQTY_CHAIN,EOSH21,3,18,35bb1bc1-5b67-4764-b404-5857c608b850,"5224,3260,664,2060,112,4930","bf7ba568-5bfc-a033-6ce0-a8670fef0721,530c58b6-99cd-b95c-3219-bd7e18c4d37f,6bde0965-4bf9-ccc8-86a6-aa5458f2ffca,3cf959e2-4f8d-0359-2407-eab1103a30cb,f6860cbb-d280-8aea-b1d2-1d3cb160337c,2ed7d4c2-eeec-036f-7959-22a6e34c9182"
UNIQUE_CUMQTY_CHAIN,ETHH21,92,356,c972e045-381f-499d-9bc7-f19c515984b1,"4,10,9","a7fa8efe-fd21-eecd-e811-36e6d6115040,cb1bade2-5636-3c6d-8286-7a0d8ca3a964,b188eb60-3b4a-2b29-fb79-4f49d3d4a098"
UNIQUE_CUMQTY_CHAIN,ETHH22,31,97,07daa902-2065-434c-83d6-53887db516be,"500000,870000","3d4e8d96-ce23-d09b-dd99-3d3de58ceac5,d2cf85ef-5284-317d-b4fe-367097f4c5ac"
UNIQUE_CUMQTY_CHAIN,ETHH23,29,101,9fb9093c-54b0-492d-8925-a723eefce7a0,"24000,68000","1db59205-2492-2ea6-feb4-020c832b906a,a69cd6bb-d363-e2a6-f60e-a7fc4b0ca2ee"
UNIQUE_CUMQTY_CHAIN,ETHH24,1,2,de02b769-bea1-49a1-924f-0197b1b5664d,"8000,100000","00000000-006d-1000-0000-0004399a71a8,00000000-006d-1000-0000-0004399a71ab"
UNIQUE_CUMQTY_CHAIN,ETHM20,8,50,44459d35-eb7d-db80-76ae-112875eba947,"4,8,17,26","6ecd46ba-fb77-8303-dc58-cf89b40de2f7,a8986e19-43a8-f3d9-dd10-032347e12d87,d1d435d5-2fe5-fd8e-23b3-0a6ee2cbc312,d3b30ea0-ef1b-5390-1446-543cec65de4f"
UNIQUE_CUMQTY_CHAIN,ETHM21,11,36,5af12515-1444-4259-b7fa-a2c3eb6e1f6f,"6,5","ea1b6360-8ed6-adc6-0ae8-54030d7a870d,cbf1407e-f532-e1cf-f92c-801acf31c453"
UNIQUE_CUMQTY_CHAIN,ETHM22,12,31,7e045b66-9204-4dcc-8449-e2526e5f8c85,"24000,20000","f2d698e4-ee60-16b3-6999-f9546fc1274f,d2f6ee96-c0c2-44f4-ca9f-07c59d60a949"
UNIQUE_CUMQTY_CHAIN,ETHM23,9,24,ebb6650a-3fe0-4879-86a3-46d4915bfc8b,"53000,21000,224000,124000,75000","30d1eb1c-40c2-ab31-746d-739f9a212f32,30ba395f-3a58-b03a-43a1-e7472bcfda8e,baabf95f-06bf-b6bd-0a85-c9659783753a,ba8d6803-444a-a206-2df4-5eda75b04b74,a065f15d-77b2-7359-196b-2995d47e4670"
UNIQUE_CUMQTY_CHAIN,ETHM24,15,42,53f1f02d-0c29-4095-a82c-1958347b1455,"84000,100000","00000000-006d-1000-0000-00066417e69e,00000000-006d-1000-0000-00066417e6a1"
UNIQUE_CUMQTY_CHAIN,ETHU20,26,121,3cc2b8cf-d021-4704-59a6-4c26195b9677,"26,35,1,30,19","48027080-4d9f-6a34-b0d6-ee67c0622f9e,f796e78b-4fd2-faaa-267c-750fa3697087,09b7a895-d3c5-4e2e-35b6-6a32e5a49967,9b5731aa-baef-8998-2fde-3200878a8e8a,36715ab4-ec4a-12e7-d810-1e4c1468a79a"
UNIQUE_CUMQTY_CHAIN,ETHU21,11,26,454ab3a0-fd63-40a9-a9da-a44dc0e2ac4d,"5,2","d8085e8d-b7ee-f262-9da5-0105a0f03ad5,7c1f9c17-d700-44e7-d615-35281b5732d0"
UNIQUE_CUMQTY_CHAIN,ETHU22,7,20,4714e94c-352e-419c-8404-6fa5c151632e,"24000,100000","5d2fa05a-2b5e-942c-723c-d3bb7d29b0d2,aa3523d4-854c-3429-4d56-ff9d141bd554"
UNIQUE_CUMQTY_CHAIN,ETHU23,10,26,64e113ef-d92f-46b3-a648-e539e38555b1,"240000,163000,70000,16000","986b75ef-ef57-d588-3df2-717636798971,68e701e4-cae1-7454-ae0a-326464282668,2ffa1b50-c713-d345-e7dc-bb809e371624,0cd2a475-06fb-9f94-904f-93a7f28121bf"
UNIQUE_CUMQTY_CHAIN,ETHUSD,1250,9132,543ce215-ddfa-db79-a1e3-2b37366d6015,"45,4972,5008,34,21","e555e95f-f89e-bbd4-1795-cda6d90c1532,c382b5b8-7732-7dae-1a73-7649fc21d4e3,5da664db-6574-88bc-412b-8a4f486af4a9,61f2f221-8061-216c-92ba-affc6754c550,6ebd577f-8e5d-3f58-6744-ace9e2a353c9"
UNIQUE_CUMQTY_CHAIN,ETHUSDZ20,1,3,f290e631-d3b9-4dee-aa47-9cabcf565610,"327,1111,302","efcb79c3-4356-4f9b-f37e-ab91a135bf46,2eeb83c6-1a21-a343-b8b4-d6dd97d2ed82,d24a5880-7707-f36d-bdf3-11111cdbffcd"
UNIQUE_CUMQTY_CHAIN,ETHZ20,64,263,7772d069-21f9-4ff9-baad-76df46fdd5a0,"5,13,11","378189a2-0d76-d339-8d95-3bc37c6ad163,d357daee-2f41-b8cf-cf50-343997ec812b,614f2e88-4b95-68d3-3d3f-7982119ae20a"
UNIQUE_CUMQTY_CHAIN,ETHZ21,31,87,d3f7404e-f47b-4bf0-9ccf-2bdd73b73cd8,"240000000,688000000","1d436fb9-0af9-f6b8-8ea1-80a5c694d649,3fce2206-8cd6-99cd-658c-36677db82029"
UNIQUE_CUMQTY_CHAIN,ETHZ22,4,9,8f423c7d-5588-4a3e-896e-3b5cc99785e2,"393000,416000","427f7cf6-e400-bce3-34c2-26b37ee80d5b,b650640d-bb3c-61f1-9b32-56981e436f63"
UNIQUE_CUMQTY_CHAIN,ETHZ23,16,52,bc5cf43c-67f0-4880-8b8b-184d7091fd72,"10000,20000","00000000-006d-1000-0000-000011c7b0f2,00000000-006d-1000-0000-000011c7b0f5"
UNIQUE_CUMQTY_CHAIN,ETHZ24,2,5,33a4cad4-629b-452f-b4f5-93a8aa8f3cae,"42000,151000,221000","00000000-006d-1000-0000-000ca39ad840,00000000-006d-1000-0000-000ca39ad843,00000000-006d-1000-0000-000ca39ad846"
UNIQUE_CUMQTY_CHAIN,LINKUSDT,4,26,2b07c9f0-6691-4553-ae30-4212ec774931,"1050,1046,1111,996","996629bb-f016-f6dd-2ee7-79d3acd8d649,3efd1120-e252-a0e0-2ef8-b63323395c14,1ab1e836-d183-a410-f487-3d32745868f4,9781feda-7be1-0c3c-073c-75dc1eeadc5d"
UNIQUE_CUMQTY_CHAIN,LINKUSDTZ20,1,11,c6c5ee6d-e20a-d668-f268-c99d9dfa9402,"31,45,321,190,28,179,7,145,156,3,27","e38c8034-7f2c-670f-62c8-dd5ed8765541,896a60d1-74e1-3a05-8249-e63a8cc2498b,f0272a52-6f50-cca1-a887-054b976a52f0,72bef3db-e6cc-3b6e-2e20-46e2a7dae46c,06072869-ee11-d5de-4eb0-ae704c711195,2c6089f3-de34-4747-ca53-80b5a579b599,93389f41-5901-ecb0-5ad1-d0757e081db6,e0545a44-55c8-a50f-dfef-3c61b5266faa,72d8608e-41da-84c5-c235-74939214ff29,6468c5fc-e6fc-7d94-8b08-dbc5e6f296aa,38ce22c7-3604-2c2d-844d-61b7685244e0"
UNIQUE_CUMQTY_CHAIN,LTCH21,45,184,93b60872-3010-4d03-8c20-34ce781b2eeb,"96,111","cc26ec55-adf3-a476-b77e-bc191de60991,ddf9359b-43c2-8dca-904b-62bb5b32746d"
UNIQUE_CUMQTY_CHAIN,LTCM20,13,141,09958a93-dc0e-3488-aff5-8e70c4a41357,"54,40,62,39,63","e8b9b04b-78b6-2a5b-8f08-ec2ecef83932,b916d9c3-26f4-5580-1db6-57e11e1a13a5,658fe8e3-bc74-4657-220a-46acb096f139,c83907b5-e3e7-8e50-ce98-5c5010542de3,f8cec9aa-9694-979c-b8ab-468a4f220b6f"
UNIQUE_CUMQTY_CHAIN,LTCM21,4,13,51b24e3b-4074-4fe4-a32f-4ba91b51e266,"64,14,72,76,92,80","2d256b01-da05-cf0e-567a-b4837bc02e4d,09ea29d2-adcd-5a6e-57d4-7759ad5d0fe0,62ce9e88-5a64-3267-cf30-93c040f681e6,67818a87-d2dd-a1b9-2ae1-7eff0c166413,986924c4-8e95-b4bd-60ad-787d13973b61,8e97fa57-de59-63ec-00f3-3bd6ae088b93"
UNIQUE_CUMQTY_CHAIN,LTCU20,27,151,5b38d379-eba1-fcc4-eaea-14d098915207,"289,266,299,126,174,68,409,308,92,232,175","79df64fb-4818-b18c-e183-68d2fbc2051c,a8b4bec4-0d9a-bca1-aee3-1785afe4abe1,388f360a-4f50-730f-06da-ee0beedb55cd,410a970e-b836-c35f-516c-36ff570e2a43,f06231bc-f08e-fce5-2c66-847e021de0a5,b0b83e50-f7de-0027-e969-442c0d0ce47d,276f7cfb-7f69-df2c-37d0-54652938c4e8,00fc8cf1-6ccf-b955-f69e-23c1d829b617,294f9986-4efe-2152-1de2-768be8dcbac1,9ab6f563-cc68-c53c-e7b9-30f5f85ef7b2,8fb09ee1-c560-c2ce-0e4c-d76cf4b2d108"
UNIQUE_CUMQTY_CHAIN,LTCU21,6,22,d64bdff4-b2d0-4889-9bca-5e8cebe5719f,"70,100,20","ef12a20e-4568-ce5a-c378-bf26932b9087,1bf1ebaf-67c6-dba3-686c-0fc8fe8695da,26c1f7e7-f3e4-9c8f-fc32-d629a215c9d9"
UNIQUE_CUMQTY_CHAIN,LTCUSD,388,1760,da6839b9-a68a-2d74-acd4-f15ed4a362c2,"3087,2187,3987","49cfa28b-6fc0-f7cd-9eb5-13b93a2afa0c,0240f15a-3998-2be4-6439-eff80f71bc0a,737e89b3-fd14-3fb9-cbdf-1dd033776414"
UNIQUE_CUMQTY_CHAIN,LTCZ20,38,187,6cc4d3a1-6495-405d-89c3-7b92b445bad4,"5,40,10,100,140,2","f7e58ed5-a588-30b4-b910-276058f5a4c5,17c08186-9294-662a-628e-b60f6e7391e9,7b4d5565-24f8-9ee3-8778-f77457d8b569,4a86386d-8b6e-9987-52b2-5debfc43a225,ba573714-cc58-ca4f-d89f-4165e31bab44,d7f44193-d854-651c-bfd6-7ec8fd6cb22b"
UNIQUE_CUMQTY_CHAIN,LTCZ21,3,13,61800cd0-e749-47e3-aad2-d5cd463ba184,"8290000000,200000000,12290000000","9a1b8444-d8e7-cdb5-148b-bb07ed2d41c2,434e0541-8dd3-a1e8-8ebf-b61e7aeae07b,bcd633e0-26c3-cbea-da9a-bbfbb93525f4"
UNIQUE_CUMQTY_CHAIN,LUNAUSD,14,50,d1436252-a336-4f55-80bc-f28449868c17,"488,555","d782db28-98ef-1401-6f93-40c87eaedb22,de23c9ec-4d19-1a42-eaff-3c4212fce60f"
UNIQUE_CUMQTY_CHAIN,TRXH21,24,125,96f142e6-78bf-453e-bb69-20f6917dd648,"50000,40000,117812,67000,87101","6883e660-988a-8034-9703-29bf418f6e95,4c8bf395-1877-f684-c2ed-7c3d5579dd42,dd6954df-63a4-2bff-038e-9d5616605666,e131228a-b436-ac01-f35d-78bdf6dc2937,ad6ab21a-c0e0-2032-4cd9-2f9e7aed8d6d"
UNIQUE_CUMQTY_CHAIN,TRXM20,3,29,93236427-056d-cade-5579-121781460f14,"545550,815550,445550,715550,275031,265031,2000000,615550,865550,495550,395550,1065550,915550,255031,965550","d5e0da60-76a0-518c-a0a6-db5312fefae3,637fd750-b826-c998-7d8c-0be8b21fb2b2,36bae7ed-94fd-8ce8-64e9-9fa7e58c65b3,aae5fbc2-d267-258e-b41c-2a8bc44c6904,229d922d-b57b-5fd3-b851-ab3b7afb5f20,9108a0d8-6298-e2eb-fa6c-e459fa9394a3,0eb8698a-0481-5731-cd9b-c37a7fe1d025,7a5c90c7-0f80-64ef-1638-96e00cae9004,27bbc15d-fd55-bc06-7740-ffb7cec663eb,148665a3-da94-3559-f344-e9c2d226e333,90a00e66-a997-03d9-e9c6-cceb770816f1,d26509c7-f33f-b03a-e789-7782c053ea93,e0d19294-00ed-5263-a449-7130581c60a6,baffb358-e8cd-456f-bc0e-56a54e3b0a6f,6ce05e88-09ba-310d-73d6-064608a9e71f"
UNIQUE_CUMQTY_CHAIN,TRXM21,17,85,ae2fe155-37b1-4a49-b580-60fcd30c0b5a,"100000,5000,35729","78d0adfe-6503-3908-d2e6-0bff8e8e26d0,c59f744f-b7f2-ff4b-110f-69c8fa9def6d,43be14f8-53f2-373e-31a0-8000deb79957"
UNIQUE_CUMQTY_CHAIN,TRXU20,39,393,ee4d24fb-a66e-ddcc-470d-50e494ae6018,"2608106,2768278,2544106,1265089,1255089,1416089,2928244,1516089,89948,1155089,555380,2542106,2516089,1415089,546250,3000000,139948,39948,557084,146250","d3719cf6-b362-8d4f-33e9-f27b0bed2223,7c55ddce-dbdf-763c-eaed-17a19b928a24,c87379f7-c406-3da5-0dd5-9ea1eb230487,f4b5cffb-1d9e-1004-0989-9c383d7447fa,b3260db7-dd29-83f1-b18d-fd25cfb8026d,9a8140eb-e2ce-bdba-3896-396c527ab8dc,e2ce8444-3894-a6d6-52da-bc9055ce3196,86f4be7b-8b46-a7f5-9950-4cf73019beb8,23156e31-db33-558e-3e1c-bf4c9ed5a13a,21fd54c7-fb5a-8622-f655-67f9dd39b84e,ac9a2856-a46d-d002-bb45-ea578d0a90b0,37eda79c-152e-1894-b765-3696d8dfb04f,6f1fec03-2b6a-c088-12f8-f618c88e0aea,a2922eac-d745-e302-76c5-3c400e0c3d1a,9cce4137-0f3c-7648-6f17-91372fbd5983,1fffd90e-a567-1971-a2c7-a17b17cbd584,04f81a91-07d1-986e-4e80-322ec9a5e550,0de8fc17-983f-fec3-3caf-b550373ccc58,510b3359-dabf-0278-3b93-238b21590d05,c008d2b0-7b54-fba8-d70a-b1e26444ebe9"
UNIQUE_CUMQTY_CHAIN,TRXU21,9,33,68aa8c95-c4fb-4311-8fe0-5c74661fd10c,"236900,166900,57600,109800,600,500000","c620e6a5-9770-40a7-3082-d5f6ecedb56b,81057a88-a93f-ccd6-531c-a8266c9d13d4,87c199c1-6c8f-62ef-e78e-67bc94f948bd,7f9dcf8c-3c36-ad9b-0286-6379857b6cd1,5e1cc5e9-4db3-ef27-da1d-e6545f21dd48,e36f8962-1a12-4ba3-dbe2-586168cb35c9"
UNIQUE_CUMQTY_CHAIN,TRXZ20,21,99,da14243f-10fa-429e-a5d8-c89bd64c0b24,"50000,15250","c61dee5f-2da1-52ac-3db4-bf03542d8c5a,c15389e5-c3fe-4468-f005-5f85f9c0c85e"
UNIQUE_CUMQTY_CHAIN,TRXZ21,3,6,748f9615-acc8-455b-a844-9f8f6f63189f,"7850000000000,7680000000000","472a1d34-4cde-591b-5c4b-e764cef12c62,12f9f73c-0904-b028-39fd-94d2ebb8a7b5"
UNIQUE_CUMQTY_CHAIN,UNIUSDT,6,14,170fc6cd-a55b-4b67-b01e-f8e50d2d25bf,"910,928,110","c4ca3f2a-5626-2c23-91b6-e144d7bd20e4,544ffab7-64f6-3996-096d-29157ccc8f12,b2ec9718-c9db-6710-d2e5-1eb8fd798e6d"
UNIQUE_CUMQTY_CHAIN,XBTM21,2,19,41a0a324-db5c-4658-9da5-ddce32927cd0,"16269,289484,303884,266084,23269,297884,321084,273584,281384,17269,333333,257384","4605e083-aff4-e3a5-2252-7f04d439aba5,cf20ac25-92ea-0091-a242-408e0d5f0baa,5d54c13e-2be5-15ad-9b76-03f161b1ddeb,e3149995-a8c9-cef0-3cfa-e1f822d21f2c,5a3b1c15-d761-6081-7d6d-481cef7f8362,c272af27-c30b-59ee-751e-e3e8cb858ebb,cd599d50-cf42-32ca-5a93-fb3b79ba023c,4884a8de-b739-c1f4-8537-c2706ac7a3e9,5f5c76c3-750e-310f-ef9b-5c39a8184e4f,54cf5987-05c9-3dc0-8168-5e758625ff6f,947acca1-8ed0-d95b-0a22-46176898861f,d919175b-ac93-375e-d934-f1c75f02fec6"
UNIQUE_CUMQTY_CHAIN,XBTUSD,8498,64376,a75e0232-d365-5fa8-ef9d-2c9ba7d006c4,"7599,6099,9666,4599","9276f312-b22e-419e-3164-598323c2c648,74584e83-9291-0be4-eb81-94026b0358cf,1f778c8c-a0b4-62da-b752-7a01cc143bb6,785e08ef-365b-13f1-d25e-a117ad2607c9"
UNIQUE_CUMQTY_CHAIN,XLMUSDT,2,10,6d2ef065-1103-43e7-90a2-feda315786b5,"197,1111,994,297","20cfa47e-14b7-eaa5-23e7-6af438ff113d,fb50d925-8936-74b8-0e97-edfc5a174175,9d115636-7a75-6beb-f616-89dd2491fd71,8e39bd8d-3df8-d2b2-de50-16c88e3de5d5"
UNIQUE_CUMQTY_CHAIN,XRPUSD,474,2871,2ccf6d42-26cc-f91e-c668-9ae9f219a281,"5188,5193,10000","506f1cdf-5fb4-1547-4276-78752a3251d6,9b497cb9-3770-c14c-672f-cb7302198fd9,a569f8ec-6e28-712c-64d3-06505a72884b"
UNIQUE_CUMQTY_CHAIN,YFIUSDTH21,5,16,4746c3b9-b2dc-4af1-b9c3-ae58eee955e9,"100,999,350","74c39556-e6d1-2b59-8eb1-7af3068a56af,a4f69ed3-2811-b60e-3e90-06e0160cc24a,7ef2f147-b13e-053c-ea3f-a29658064d0a"
UNIQUE_CUMQTY_CHAIN,YFIUSDTZ20,14,42,e7bb7db5-2c15-44f5-b427-060029ea44aa,"1000,334","9e7eb7f2-81d4-23bc-16d1-45633d956ef1,7d8a1d1e-0d9e-1632-1918-03fc39897b29"
