symbol,first_execution_time,last_execution_time,metadata_listing,metadata_expiry,metadata_settle,typ,instrument_class,first_execution_before_listing,metadata_temporal_status,requires_historical_spec,metadata_record_count,note
AAVEUSDT,2021-07-27T21:27:02.794000Z,2021-11-02T11:59:59.999000Z,2024-09-04T12:00:00.000Z,,,FFWCSX,DERIVATIVE,True,SYMBOL_REUSE_SUSPECTED,True,1,Current metadata is a snapshot; historical contract specification is required before M0-02B.
ADAM20,2020-05-02T14:26:45.069000Z,2020-06-24T06:19:12.538000Z,2020-03-13T08:00:00.000Z,2020-06-26T12:00:00.000Z,2020-06-26T12:00:00.000Z,FFCCSX,DERIVATIVE,False,TEMPORALLY_COVERED,False,1,
ADAUSD,2021-10-26T05:00:42.074000Z,2021-11-20T11:47:48.728000Z,2021-09-29T04:00:00.000Z,,,FFWCSX,DERIVATIVE,False,TEMPORALLY_COVERED,False,1,
ADAUSDT,2021-08-09T18:47:45.807000Z,2021-08-10T16:43:22.467000Z,2021-12-15T04:00:00.000Z,,,FFWCSX,DERIVATIVE,True,EXECUTION_BEFORE_CURRENT_LISTING,True,1,Current metadata is a snapshot; historical contract specification is required before M0-02B.
ALTMEXUSD,2021-07-23T04:23:53.756000Z,2021-07-30T21:00:09.605000Z,2021-07-20T04:00:00.000Z,2021-12-15T12:00:00.000Z,2021-12-15T12:00:00.000Z,FFWCSX,DERIVATIVE,False,TEMPORALLY_COVERED,False,1,
AXSUSDT,2021-08-11T07:20:56.717000Z,2021-10-29T16:16:08.976000Z,2021-08-10T04:00:00.000Z,2021-11-02T12:00:00.000Z,2021-11-02T12:00:00.000Z,FFWCSX,DERIVATIVE,False,TEMPORALLY_COVERED,False,1,
BCHH21,2021-01-20T00:52:39.433000Z,2021-02-06T01:40:29.754000Z,2020-12-11T08:00:00.000Z,2021-03-26T12:00:00.000Z,2021-03-26T12:00:00.000Z,FFCCSX,DERIVATIVE,False,TEMPORALLY_COVERED,False,1,
BCHUSD,2020-09-13T01:17:39.200000Z,2021-02-02T16:14:13.307000Z,2020-06-16T04:00:00.000Z,,,FFWCSX,DERIVATIVE,False,TEMPORALLY_COVERED,False,1,
BMEXUSD,2022-11-16T01:22:48.452000Z,2022-11-28T21:05:09.635000Z,2022-11-11T04:00:00.000Z,2025-03-20T12:00:00.000Z,2025-03-20T12:00:00.000Z,FFWCSX,DERIVATIVE,False,TEMPORALLY_COVERED,False,1,
BMEX_USDT,2022-11-12T04:36:03.138000Z,2023-08-31T18:03:55.552000Z,2022-11-11T00:00:00.000Z,,,IFXXXP,SPOT,False,TEMPORALLY_COVERED,False,1,
BNBUSD,2022-01-15T09:17:33.275000Z,2022-01-15T20:02:51.503000Z,2021-09-29T04:00:00.000Z,,,FFWCSX,DERIVATIVE,False,TEMPORALLY_COVERED,False,1,
BNBUSDT,2021-05-24T05:47:01.011000Z,2021-10-11T16:36:13.469000Z,2021-12-15T04:00:00.000Z,,,FFWCSX,DERIVATIVE,True,EXECUTION_BEFORE_CURRENT_LISTING,True,1,Current metadata is a snapshot; historical contract specification is required before M0-02B.
DOGEUSD,2021-10-01T10:11:06.936000Z,2024-11-04T22:30:18.788000Z,2021-09-29T04:00:00.000Z,,,FFWCSX,DERIVATIVE,False,TEMPORALLY_COVERED,False,1,
DOGEUSDT,2021-02-08T04:42:56.268000Z,2021-09-20T12:37:28.066000Z,2021-11-10T04:00:00.000Z,,,FFWCSX,DERIVATIVE,True,EXECUTION_BEFORE_CURRENT_LISTING,True,1,Current metadata is a snapshot; historical contract specification is required before M0-02B.
DOTUSDT,2021-03-06T23:27:08.836000Z,2021-08-17T07:04:54.304000Z,2022-01-12T04:00:00.000Z,,,FFWCSX,DERIVATIVE,True,EXECUTION_BEFORE_CURRENT_LISTING,True,1,Current metadata is a snapshot; historical contract specification is required before M0-02B.
DOTUSDTH21,2021-01-13T22:27:28.708000Z,2021-03-24T23:41:56.187000Z,2020-12-11T08:00:00.000Z,2021-03-26T12:00:00.000Z,2021-03-26T12:00:00.000Z,FFCCSX,DERIVATIVE,False,TEMPORALLY_COVERED,False,1,
EOSH21,2021-01-31T11:31:18.385000Z,2021-02-07T15:38:05.259000Z,2020-12-11T08:00:00.000Z,2021-03-26T12:00:00.000Z,2021-03-26T12:00:00.000Z,FFCCSX,DERIVATIVE,False,TEMPORALLY_COVERED,False,1,
EOSUSDTZ20,2020-10-12T14:58:26.272000Z,2020-10-14T14:29:40.627000Z,2020-09-11T08:00:00.000Z,2020-12-25T12:00:00.000Z,2020-12-25T12:00:00.000Z,FFCCSX,DERIVATIVE,False,TEMPORALLY_COVERED,False,1,
ETHH21,2020-12-26T15:54:11.011000Z,2021-03-26T11:59:59.999000Z,2020-12-11T08:00:00.000Z,2021-03-26T12:00:00.000Z,2021-03-26T12:00:00.000Z,FFCCSX,DERIVATIVE,False,TEMPORALLY_COVERED,False,1,
ETHH22,2021-12-31T20:19:58.340000Z,2022-03-21T20:14:22.063000Z,2021-12-22T04:00:00.000Z,2022-03-25T12:00:00.000Z,2022-03-25T12:00:00.000Z,FFCCSX,DERIVATIVE,False,TEMPORALLY_COVERED,False,1,
ETHH23,2023-02-01T14:53:14.510000Z,2023-03-31T11:59:59.999000Z,2022-12-14T04:00:00.000Z,2023-03-31T12:00:00.000Z,2023-03-31T12:00:00.000Z,FFCCSX,DERIVATIVE,False,TEMPORALLY_COVERED,False,1,
ETHH24,2024-01-12T13:59:36.205000Z,2024-03-29T12:00:00Z,2023-12-12T04:00:00.000Z,2024-03-29T12:00:00.000Z,2024-03-29T12:00:00.000Z,FFCCSX,DERIVATIVE,False,TEMPORALLY_COVERED,False,1,
ETHM20,2020-05-29T00:07:56.507000Z,2020-06-26T07:16:24.011000Z,2020-03-13T08:00:00.000Z,2020-06-26T12:00:00.000Z,2020-06-26T12:00:00.000Z,FFCCSX,DERIVATIVE,False,TEMPORALLY_COVERED,False,1,
ETHM21,2021-03-26T23:49:14.441000Z,2021-06-05T14:15:59.838000Z,2021-03-12T08:00:00.000Z,2021-06-25T12:00:00.000Z,2021-06-25T12:00:00.000Z,FFCCSX,DERIVATIVE,False,TEMPORALLY_COVERED,False,1,
ETHM22,2022-03-16T07:47:35.207000Z,2022-06-24T11:59:59.999000Z,2022-03-16T04:00:00.000Z,2022-06-24T12:00:00.000Z,2022-06-24T12:00:00.000Z,FFCCSX,DERIVATIVE,False,TEMPORALLY_COVERED,False,1,
ETHM23,2023-03-23T15:38:09.675000Z,2023-06-30T11:59:59.999000Z,2023-03-14T04:00:00.000Z,2023-06-30T12:00:00.000Z,2023-06-30T12:00:00.000Z,FFCCSX,DERIVATIVE,False,TEMPORALLY_COVERED,False,1,
ETHM24,2024-04-04T20:10:55.922000Z,2024-06-28T12:00:10.288000Z,2024-03-12T04:00:00.000Z,2024-06-28T12:00:00.000Z,2024-06-28T12:00:00.000Z,FFCCSX,DERIVATIVE,False,TEMPORALLY_COVERED,False,1,
ETHU20,2020-07-06T21:23:16.149000Z,2020-08-20T19:34:39.661000Z,2020-06-12T08:00:00.000Z,2020-09-25T12:00:00.000Z,2020-09-25T12:00:00.000Z,FFCCSX,DERIVATIVE,False,TEMPORALLY_COVERED,False,1,
ETHU21,2021-06-24T16:01:32.517000Z,2021-08-02T15:13:47.175000Z,2021-06-16T08:00:00.000Z,2021-09-24T12:00:00.000Z,2021-09-24T12:00:00.000Z,FFCCSX,DERIVATIVE,False,TEMPORALLY_COVERED,False,1,
ETHU22,2022-06-24T19:44:49.420000Z,2022-09-17T08:34:43.983000Z,2022-06-15T04:00:00.000Z,2022-09-30T12:00:00.000Z,2022-09-30T12:00:00.000Z,FFCCSX,DERIVATIVE,False,TEMPORALLY_COVERED,False,1,
ETHU23,2023-08-04T01:20:15.739000Z,2023-09-29T11:59:59.999000Z,2023-06-14T04:00:00.000Z,2023-09-29T12:00:00.000Z,2023-09-29T12:00:00.000Z,FFCCSX,DERIVATIVE,False,TEMPORALLY_COVERED,False,1,
ETHU24,2024-06-20T07:23:01.167000Z,2024-09-27T12:00:15.299000Z,2024-06-11T04:00:00.000Z,2024-09-27T12:00:00.000Z,2024-09-27T12:00:00.000Z,FFCCSX,DERIVATIVE,False,TEMPORALLY_COVERED,False,1,
ETHUSD,2020-06-01T22:24:28.491000Z,2024-02-26T19:44:55.050000Z,2018-08-01T12:00:00.000Z,,,FFWCSX,DERIVATIVE,False,TEMPORALLY_COVERED,False,1,
ETHUSDZ20,2020-10-12T13:39:21.644000Z,2020-10-12T16:32:24.038000Z,2020-09-11T08:00:00.000Z,2020-12-25T12:00:00.000Z,2020-12-25T12:00:00.000Z,FFCCSX,DERIVATIVE,False,TEMPORALLY_COVERED,False,1,
ETHZ20,2020-10-28T11:17:12.414000Z,2020-12-25T11:59:59.999000Z,2020-09-11T08:00:00.000Z,2020-12-25T12:00:00.000Z,2020-12-25T12:00:00.000Z,FFCCSX,DERIVATIVE,False,TEMPORALLY_COVERED,False,1,
ETHZ21,2021-10-05T21:55:06.009000Z,2021-12-31T11:59:59.999000Z,2021-09-15T04:00:00.000Z,2021-12-31T12:00:00.000Z,2021-12-31T12:00:00.000Z,FFCCSX,DERIVATIVE,False,TEMPORALLY_COVERED,False,1,
ETHZ22,2022-10-22T22:00:42.461000Z,2022-12-21T16:19:51.536000Z,2022-08-12T04:00:00.000Z,2022-12-30T12:00:00.000Z,2022-12-30T12:00:00.000Z,FFCCSX,DERIVATIVE,False,TEMPORALLY_COVERED,False,1,
ETHZ23,2023-09-29T20:51:15.892000Z,2023-12-29T12:00:00Z,2023-09-12T04:00:00.000Z,2023-12-29T12:00:00.000Z,2023-12-29T12:00:00.000Z,FFCCSX,DERIVATIVE,False,TEMPORALLY_COVERED,False,1,
ETHZ24,2024-10-14T15:26:28.211000Z,2024-12-27T12:00:10.289000Z,2024-09-10T04:00:00.000Z,2024-12-27T12:00:00.000Z,2024-12-27T12:00:00.000Z,FFCCSX,DERIVATIVE,False,TEMPORALLY_COVERED,False,1,
LINKUSDT,2021-02-02T07:30:06.999000Z,2021-09-22T09:14:08.137000Z,2023-10-03T04:00:00.000Z,,,FFWCSX,DERIVATIVE,True,EXECUTION_BEFORE_CURRENT_LISTING,True,1,Current metadata is a snapshot; historical contract specification is required before M0-02B.
LINKUSDTZ20,2020-09-13T00:07:48.984000Z,2020-09-24T15:38:46.277000Z,2020-09-11T08:00:00.000Z,2020-12-25T12:00:00.000Z,2020-12-25T12:00:00.000Z,FFCCSX,DERIVATIVE,False,TEMPORALLY_COVERED,False,1,
LTCH21,2020-12-25T18:30:08.190000Z,2021-03-21T04:28:55.762000Z,2020-12-11T08:00:00.000Z,2021-03-26T12:00:00.000Z,2021-03-26T12:00:00.000Z,FFCCSX,DERIVATIVE,False,TEMPORALLY_COVERED,False,1,
LTCM20,2020-05-01T23:45:58.220000Z,2020-06-08T22:11:45.084000Z,2020-03-13T08:00:00.000Z,2020-06-26T12:00:00.000Z,2020-06-26T12:00:00.000Z,FFCCSX,DERIVATIVE,False,TEMPORALLY_COVERED,False,1,
LTCM21,2021-03-29T02:41:02.762000Z,2021-04-24T05:09:28.694000Z,2021-03-12T08:00:00.000Z,2021-06-25T12:00:00.000Z,2021-06-25T12:00:00.000Z,FFCCSX,DERIVATIVE,False,TEMPORALLY_COVERED,False,1,
LTCU20,2020-06-26T12:29:11.610000Z,2020-09-04T06:45:08.462000Z,2020-06-12T08:00:00.000Z,2020-09-25T12:00:00.000Z,2020-09-25T12:00:00.000Z,FFCCSX,DERIVATIVE,False,TEMPORALLY_COVERED,False,1,
LTCU21,2021-08-10T06:48:12.576000Z,2021-09-24T11:59:59.999000Z,2021-06-16T08:00:00.000Z,2021-09-24T12:00:00.000Z,2021-09-24T12:00:00.000Z,FFCCSX,DERIVATIVE,False,TEMPORALLY_COVERED,False,1,
LTCUSD,2020-08-01T10:10:23.992000Z,2023-12-06T16:47:47.204000Z,2020-07-30T04:00:00.000Z,,,FFWCSX,DERIVATIVE,False,TEMPORALLY_COVERED,False,1,
LTCZ20,2020-10-01T14:22:13.848000Z,2020-12-25T11:59:59.999000Z,2020-09-11T08:00:00.000Z,2020-12-25T12:00:00.000Z,2020-12-25T12:00:00.000Z,FFCCSX,DERIVATIVE,False,TEMPORALLY_COVERED,False,1,
LTCZ21,2021-12-06T22:19:25.621000Z,2021-12-13T19:20:17.272000Z,2021-09-15T04:00:00.000Z,2021-12-31T12:00:00.000Z,2021-12-31T12:00:00.000Z,FFCCSX,DERIVATIVE,False,TEMPORALLY_COVERED,False,1,
LUNAUSD,2021-10-20T09:55:35.965000Z,2022-01-22T07:59:21.398000Z,2022-06-02T04:00:00.000Z,2024-08-28T12:00:00.000Z,2024-08-28T12:00:00.000Z,FFWCSX,DERIVATIVE,True,EXECUTION_BEFORE_CURRENT_LISTING,True,1,Current metadata is a snapshot; historical contract specification is required before M0-02B.
ORDIUSD,2023-06-09T01:29:30.612000Z,2023-10-19T12:00:00Z,2023-11-13T04:00:00.000Z,2025-09-11T12:00:00.000Z,2025-09-11T12:00:00.000Z,FFWCSX,DERIVATIVE,True,EXECUTION_BEFORE_CURRENT_LISTING,True,1,Current metadata is a snapshot; historical contract specification is required before M0-02B.
TRXH21,2020-12-27T16:00:37.274000Z,2021-03-20T23:20:45.170000Z,2020-12-11T08:00:00.000Z,2021-03-26T12:00:00.000Z,2021-03-26T12:00:00.000Z,FFCCSX,DERIVATIVE,False,TEMPORALLY_COVERED,False,1,
TRXM20,2020-05-22T21:43:52.981000Z,2020-06-14T11:15:54.307000Z,2020-03-13T08:00:00.000Z,2020-06-26T12:00:00.000Z,2020-06-26T12:00:00.000Z,FFCCSX,DERIVATIVE,False,TEMPORALLY_COVERED,False,1,
TRXM21,2021-03-19T17:56:44.382000Z,2021-05-20T20:56:46.565000Z,2021-03-12T08:00:00.000Z,2021-06-25T12:00:00.000Z,2021-06-25T12:00:00.000Z,FFCCSX,DERIVATIVE,False,TEMPORALLY_COVERED,False,1,
TRXU20,2020-06-30T10:17:05.892000Z,2020-09-23T18:49:35.589000Z,2020-06-12T08:00:00.000Z,2020-09-25T12:00:00.000Z,2020-09-25T12:00:00.000Z,FFCCSX,DERIVATIVE,False,TEMPORALLY_COVERED,False,1,
TRXU21,2021-06-29T04:16:50.250000Z,2021-09-24T11:59:59.999000Z,2021-06-16T08:00:00.000Z,2021-09-24T12:00:00.000Z,2021-09-24T12:00:00.000Z,FFCCSX,DERIVATIVE,False,TEMPORALLY_COVERED,False,1,
TRXUSDT,2021-10-29T17:27:32.668000Z,2021-11-02T11:59:59.999000Z,2023-11-07T04:00:00.000Z,2026-01-29T12:00:00.000Z,2026-01-29T12:00:00.000Z,FFWCSX,DERIVATIVE,True,EXECUTION_BEFORE_CURRENT_LISTING,True,1,Current metadata is a snapshot; historical contract specification is required before M0-02B.
TRXZ20,2020-10-02T04:39:11.650000Z,2020-12-16T10:03:47.449000Z,2020-09-11T08:00:00.000Z,2020-12-25T12:00:00.000Z,2020-12-25T12:00:00.000Z,FFCCSX,DERIVATIVE,False,TEMPORALLY_COVERED,False,1,
TRXZ21,2021-11-15T06:44:35.666000Z,2021-12-03T20:39:26.899000Z,2021-09-15T04:00:00.000Z,2021-12-31T12:00:00.000Z,2021-12-31T12:00:00.000Z,FFCCSX,DERIVATIVE,False,TEMPORALLY_COVERED,False,1,
UNIUSDT,2021-04-06T01:12:53.327000Z,2021-07-13T13:44:24.437000Z,2025-04-02T04:00:00.000Z,,,FFWCSX,DERIVATIVE,True,EXECUTION_BEFORE_CURRENT_LISTING,True,1,Current metadata is a snapshot; historical contract specification is required before M0-02B.
XBTM21,2021-06-05T14:47:48.300000Z,2021-06-05T14:48:22.779000Z,2020-12-11T08:00:00.000Z,2021-06-25T12:00:00.000Z,2021-06-25T12:00:00.000Z,FFCCSX,DERIVATIVE,False,TEMPORALLY_COVERED,False,1,
XBTUSD,2020-05-01T09:03:47.360000Z,2026-07-19T12:00:00.330000Z,2016-05-13T12:00:00.000Z,,,FFWCSX,DERIVATIVE,False,TEMPORALLY_COVERED,False,1,
XBT_USDT,2023-10-23T20:26:14.840000Z,2023-10-23T20:26:36.426000Z,2022-05-17T04:00:00.000Z,,,IFXXXP,SPOT,False,TEMPORALLY_COVERED,False,1,
XLMUSDT,2021-04-11T00:32:18.902000Z,2021-04-11T10:00:31.036000Z,2025-07-15T12:00:00.000Z,2025-09-11T12:00:00.000Z,2025-09-11T12:00:00.000Z,FFWCSX,DERIVATIVE,True,EXECUTION_BEFORE_CURRENT_LISTING,True,1,Current metadata is a snapshot; historical contract specification is required before M0-02B.
XRPUSD,2020-07-25T20:39:42.895000Z,2023-06-15T06:59:21.591000Z,2020-02-04T12:00:00.000Z,,,FFWCSX,DERIVATIVE,False,TEMPORALLY_COVERED,False,1,
XTZUSDTZ20,2020-10-10T07:58:05.289000Z,2020-10-13T13:57:53.783000Z,2020-09-11T08:00:00.000Z,2020-12-25T12:00:00.000Z,2020-12-25T12:00:00.000Z,FFCCSX,DERIVATIVE,False,TEMPORALLY_COVERED,False,1,
YFIUSDTH21,2020-12-31T07:06:20.957000Z,2021-03-08T22:24:32.751000Z,2020-12-11T08:00:00.000Z,2021-03-26T12:00:00.000Z,2021-03-26T12:00:00.000Z,FFCCSX,DERIVATIVE,False,TEMPORALLY_COVERED,False,1,
YFIUSDTZ20,2020-10-30T20:01:47.433000Z,2020-12-25T11:59:59.999000Z,2020-10-30T04:00:00.000Z,2020-12-25T12:00:00.000Z,2020-12-25T12:00:00.000Z,FFCCSX,DERIVATIVE,False,TEMPORALLY_COVERED,False,1,
