symbol,settlement_currency,lastLiquidityInd,trade_count,positive_execComm_count,negative_execComm_count,zero_execComm_count,missing_execComm_count,positive_commission_count,negative_commission_count,zero_commission_count,fee_formula_exact_count,fee_formula_difference_count,fee_formula_difference_raw_sum
AAVEUSDT,XBT,AddedLiquidity,374,0,374,0,0,0,374,0,11,363,191.12750
AAVEUSDT,XBT,RemovedLiquidity,28,28,0,0,0,28,0,0,1,27,-12.58350
ADAM20,XBT,AddedLiquidity,241,0,204,37,0,0,241,0,0,241,116.35050000017467487560
ADAM20,XBT,RemovedLiquidity,125,122,3,0,0,122,3,0,0,125,-43.37860000104787836722
ADAUSD,XBT,AddedLiquidity,462,0,462,0,0,0,462,0,9,453,233.0430
ADAUSD,XBT,RemovedLiquidity,38,38,0,0,0,38,0,0,3,35,-19.1000
ADAUSDT,XBT,AddedLiquidity,134,0,134,0,0,0,134,0,49,85,38.84250
ADAUSDT,XBT,RemovedLiquidity,18,18,0,0,0,18,0,0,2,16,-7.99250
ALTMEXUSD,XBT,AddedLiquidity,43,0,43,0,0,0,43,0,1,42,17.64825
ALTMEXUSD,XBT,RemovedLiquidity,8,8,0,0,0,8,0,0,0,8,-2.48975
AXSUSDT,XBT,AddedLiquidity,804,0,804,0,0,0,804,0,209,595,300.38140
AXSUSDT,XBT,RemovedLiquidity,27,27,0,0,0,27,0,0,4,23,-13.62350
BCHH21,XBT,AddedLiquidity,76,0,76,0,0,0,76,0,23,53,24.50000
BCHH21,XBT,RemovedLiquidity,25,25,0,0,0,25,0,0,17,8,-4.00000
BCHUSD,XBT,AddedLiquidity,67,0,67,0,0,0,67,0,4,63,26.56625000001274825200
BCHUSD,XBT,RemovedLiquidity,59,59,0,0,0,59,0,0,2,57,-29.850500
BMEXUSD,XBT,AddedLiquidity,96,0,75,21,0,0,96,0,4,92,42.0291
BMEXUSD,XBT,RemovedLiquidity,18,18,0,0,0,18,0,0,0,18,-9.20700
BNBUSD,XBT,AddedLiquidity,18,0,18,0,0,0,18,0,0,18,7.8118
BNBUSD,XBT,RemovedLiquidity,8,8,0,0,0,8,0,0,0,8,-4.2010
BNBUSDT,XBT,AddedLiquidity,92,0,92,0,0,0,92,0,0,92,45.86095
BNBUSDT,XBT,RemovedLiquidity,21,21,0,0,0,21,0,0,0,21,-10.98700
DOGEUSD,XBT,AddedLiquidity,2445,1172,1093,180,0,1172,1132,141,203,2242,-8.50765
DOGEUSD,XBT,RemovedLiquidity,1206,1197,0,9,0,1197,0,9,29,1177,-569.66675
DOGEUSDT,XBT,AddedLiquidity,1374,0,1374,0,0,0,1374,0,101,1273,666.81570
DOGEUSDT,XBT,RemovedLiquidity,361,361,0,0,0,361,0,0,12,349,-174.18750
DOTUSDT,XBT,AddedLiquidity,3312,0,3312,0,0,0,3312,0,301,3011,1563.57625
DOTUSDT,XBT,RemovedLiquidity,47,47,0,0,0,47,0,0,2,45,-23.36000
DOTUSDTH21,XBT,AddedLiquidity,33,0,33,0,0,0,33,0,0,33,17.04500
DOTUSDTH21,XBT,RemovedLiquidity,16,15,1,0,0,15,1,0,1,15,-9.39625
EOSH21,XBT,AddedLiquidity,18,0,18,0,0,0,18,0,0,18,7.08250
EOSH21,XBT,RemovedLiquidity,19,19,0,0,0,19,0,0,5,14,-6.92500
EOSUSDTZ20,XBT,AddedLiquidity,5,0,5,0,0,0,5,0,0,5,2.26587500000363149030
EOSUSDTZ20,XBT,RemovedLiquidity,2,2,0,0,0,2,0,0,0,2,-0.742750
ETHH21,XBT,AddedLiquidity,708,0,708,0,0,0,708,0,344,364,191.50000
ETHH21,XBT,RemovedLiquidity,429,429,0,0,0,429,0,0,168,261,-133.50000
ETHH22,XBT,AddedLiquidity,345,0,345,0,0,0,345,0,28,317,161.0720
ETHH22,XBT,RemovedLiquidity,132,132,0,0,0,132,0,0,24,108,-52.0500
ETHH23,XBT,AddedLiquidity,262,262,0,0,0,262,0,0,47,215,-121.9240
ETHH23,XBT,RemovedLiquidity,128,128,0,0,0,128,0,0,11,117,-56.21250
ETHH24,XBT,AddedLiquidity,29,29,0,0,0,29,0,0,0,29,-13.0000
ETHH24,XBT,RemovedLiquidity,5,5,0,0,0,5,0,0,0,5,-2.50000
ETHM20,XBT,AddedLiquidity,35,0,35,0,0,0,35,0,0,35,9.60000000006254032000
ETHM20,XBT,RemovedLiquidity,51,51,0,0,0,51,0,0,0,51,-11.5000000008866626000
ETHM21,XBT,AddedLiquidity,135,0,135,0,0,0,135,0,14,121,57.50000
ETHM21,XBT,RemovedLiquidity,43,43,0,0,0,43,0,0,16,27,-13.75000
ETHM22,XBT,AddedLiquidity,160,0,160,0,0,0,160,0,18,142,66.7080
ETHM22,XBT,RemovedLiquidity,73,70,3,0,0,70,3,0,20,53,-24.84500
ETHM23,XBT,AddedLiquidity,307,105,202,0,0,105,202,0,31,276,38.2160
ETHM23,XBT,RemovedLiquidity,43,43,0,0,0,43,0,0,4,39,-17.71750
ETHM24,XBT,AddedLiquidity,218,218,0,0,0,218,0,0,6,212,-117.0380
ETHM24,XBT,RemovedLiquidity,63,63,0,0,0,63,0,0,1,62,-30.52250
ETHU20,XBT,AddedLiquidity,89,0,89,0,0,0,89,0,0,89,30.80000000014212416000
ETHU20,XBT,RemovedLiquidity,132,132,0,0,0,132,0,0,0,132,-39.0000000017964552000
ETHU21,XBT,AddedLiquidity,440,0,440,0,0,0,440,0,139,301,152.25000
ETHU21,XBT,RemovedLiquidity,36,36,0,0,0,36,0,0,18,18,-9.25000
ETHU22,XBT,AddedLiquidity,23,0,23,0,0,0,23,0,2,21,8.8600
ETHU22,XBT,RemovedLiquidity,24,24,0,0,0,24,0,0,0,24,-11.22000
ETHU23,XBT,AddedLiquidity,137,137,0,0,0,137,0,0,3,134,-70.3000
ETHU23,XBT,RemovedLiquidity,42,42,0,0,0,42,0,0,3,39,-17.92500
ETHU24,XBT,AddedLiquidity,150,150,0,0,0,150,0,0,5,145,-91.3280
ETHU24,XBT,RemovedLiquidity,6,6,0,0,0,6,0,0,0,6,-2.83000
ETHUSD,XBT,AddedLiquidity,8523,632,7891,0,0,632,7891,0,283,8240,3473.82000000064859909280
ETHUSD,XBT,RemovedLiquidity,9373,9365,8,0,0,9365,8,0,448,8925,-4469.618175
ETHUSDZ20,XBT,AddedLiquidity,5,0,5,0,0,0,5,0,0,5,1.92900000000095190480
ETHUSDZ20,XBT,RemovedLiquidity,3,3,0,0,0,3,0,0,0,3,-1.788000
ETHZ20,XBT,AddedLiquidity,859,0,859,0,0,0,859,0,547,312,156.50000
ETHZ20,XBT,RemovedLiquidity,308,308,0,0,0,308,0,0,175,133,-64.50000
ETHZ21,XBT,AddedLiquidity,710,0,710,0,0,0,710,0,120,590,293.6650
ETHZ21,XBT,RemovedLiquidity,159,159,0,0,0,159,0,0,29,130,-64.7400
ETHZ22,XBT,AddedLiquidity,161,0,161,0,0,0,161,0,11,150,83.7860
ETHZ22,XBT,RemovedLiquidity,21,19,2,0,0,19,2,0,2,19,-7.89750
ETHZ23,XBT,AddedLiquidity,196,196,0,0,0,196,0,0,12,184,-103.7180
ETHZ23,XBT,RemovedLiquidity,74,74,0,0,0,74,0,0,3,71,-34.86500
ETHZ24,XBT,AddedLiquidity,70,70,0,0,0,70,0,0,7,63,-32.48700
ETHZ24,XBT,RemovedLiquidity,9,9,0,0,0,9,0,0,2,7,-3.90450
LINKUSDT,XBT,AddedLiquidity,196,0,196,0,0,0,196,0,50,146,78.14625
LINKUSDT,XBT,RemovedLiquidity,36,35,1,0,0,35,1,0,3,33,-16.78000
LINKUSDTZ20,XBT,AddedLiquidity,3,0,3,0,0,0,3,0,0,3,1.69337500000103552830
LINKUSDTZ20,XBT,RemovedLiquidity,13,13,0,0,0,13,0,0,4,9,-4.977375
LTCH21,XBT,AddedLiquidity,1221,0,1221,0,0,0,1221,0,517,704,299.00000
LTCH21,XBT,RemovedLiquidity,193,193,0,0,0,193,0,0,56,137,-65.50000
LTCM20,XBT,AddedLiquidity,244,0,244,0,0,0,244,0,0,244,110.30000000018913176000
LTCM20,XBT,RemovedLiquidity,143,143,0,0,0,143,0,0,0,143,-45.7500000010576653000
LTCM21,XBT,AddedLiquidity,158,0,158,0,0,0,158,0,22,136,70.87500
LTCM21,XBT,RemovedLiquidity,14,13,1,0,0,13,1,0,2,12,-4.25000
LTCU20,XBT,AddedLiquidity,159,0,159,0,0,0,159,0,0,159,64.50000000019868600000
LTCU20,XBT,RemovedLiquidity,157,157,0,0,0,157,0,0,0,157,-59.6250000017852527500
LTCU21,XBT,AddedLiquidity,394,0,394,0,0,0,394,0,16,378,216.14000
LTCU21,XBT,RemovedLiquidity,23,23,0,0,0,23,0,0,5,18,-9.70000
LTCUSD,XBT,AddedLiquidity,4688,650,4038,0,0,650,4038,0,275,4413,1575.12970000009947959088
LTCUSD,XBT,RemovedLiquidity,1907,1903,4,0,0,1903,4,0,99,1808,-905.76792499999999976400
LTCZ20,XBT,AddedLiquidity,617,0,617,0,0,0,617,0,221,396,165.25000000003165380000
LTCZ20,XBT,RemovedLiquidity,198,196,2,0,0,196,2,0,80,118,-43.55000000033541671000
LTCZ21,XBT,AddedLiquidity,105,0,105,0,0,0,105,0,24,81,37.7780
LTCZ21,XBT,RemovedLiquidity,17,17,0,0,0,17,0,0,4,13,-6.8450
LUNAUSD,XBT,AddedLiquidity,296,0,296,0,0,0,296,0,17,279,148.8003
LUNAUSD,XBT,RemovedLiquidity,62,62,0,0,0,62,0,0,2,60,-31.6440
ORDIUSD,XBT,AddedLiquidity,9,9,0,0,0,9,0,0,1,8,-4.5122
TRXH21,XBT,AddedLiquidity,2080,0,2044,36,0,0,2080,0,78,2002,1020.39450
TRXH21,XBT,RemovedLiquidity,138,135,1,2,0,136,2,0,32,106,-49.42600
TRXM20,XBT,AddedLiquidity,102,0,99,3,0,0,102,0,0,102,33.00000000004958800000
TRXM20,XBT,RemovedLiquidity,35,35,0,0,0,35,0,0,0,35,-11.0000000001840200000
TRXM21,XBT,AddedLiquidity,1366,0,1366,0,0,0,1366,0,82,1284,660.22275
TRXM21,XBT,RemovedLiquidity,102,97,3,2,0,99,3,0,22,80,-38.83050
TRXU20,XBT,AddedLiquidity,363,0,345,18,0,0,363,0,0,363,126.47070000026497604184
TRXU20,XBT,RemovedLiquidity,408,402,4,2,0,404,4,0,0,408,-137.42050000385324647340
TRXU21,XBT,AddedLiquidity,1716,0,1716,0,0,0,1716,0,59,1657,823.00500
TRXU21,XBT,RemovedLiquidity,42,41,1,0,0,41,1,0,5,37,-20.31150
TRXUSDT,XBT,AddedLiquidity,12,0,12,0,0,0,12,0,1,11,6.3793
TRXUSDT,XBT,RemovedLiquidity,3,3,0,0,0,3,0,0,0,3,-0.3960
TRXZ20,XBT,AddedLiquidity,392,0,345,47,0,0,392,0,33,359,169.04667500002633112586
TRXZ20,XBT,RemovedLiquidity,106,105,1,0,0,105,1,0,14,92,-32.53030000028103209170
TRXZ21,XBT,AddedLiquidity,114,0,114,0,0,0,114,0,0,114,57.6965
TRXZ21,XBT,RemovedLiquidity,10,10,0,0,0,10,0,0,0,10,-5.4545
UNIUSDT,XBT,AddedLiquidity,786,0,786,0,0,0,786,0,17,769,380.47050
UNIUSDT,XBT,RemovedLiquidity,20,20,0,0,0,20,0,0,1,19,-10.90475
XBTM21,XBT,RemovedLiquidity,19,19,0,0,0,19,0,0,3,16,-8.75000
XBTUSD,XBT,AddedLiquidity,32985,11398,21427,160,0,11398,21587,0,836,32149,4787.09263500334835392402
XBTUSD,XBT,RemovedLiquidity,65889,65856,32,1,0,65856,32,1,3352,62537,-31327.23799999998055108840
XLMUSDT,XBT,AddedLiquidity,43,0,43,0,0,0,43,0,0,43,25.13725
XLMUSDT,XBT,RemovedLiquidity,10,10,0,0,0,10,0,0,1,9,-4.67675
XRPUSD,XBT,AddedLiquidity,2488,305,2183,0,0,305,2183,0,187,2301,838.48275000002252081364
XRPUSD,XBT,RemovedLiquidity,3009,3001,8,0,0,3001,8,0,290,2719,-1356.767050
XTZUSDTZ20,XBT,AddedLiquidity,5,0,5,0,0,0,5,0,0,5,2.00000000000501360000
XTZUSDTZ20,XBT,RemovedLiquidity,4,4,0,0,0,4,0,0,0,4,-2.250000
YFIUSDTH21,XBT,AddedLiquidity,331,0,331,0,0,0,331,0,25,306,148.62250
YFIUSDTH21,XBT,RemovedLiquidity,28,28,0,0,0,28,0,0,0,28,-14.67500
YFIUSDTZ20,XBT,AddedLiquidity,412,0,412,0,0,0,412,0,23,389,221.93000
YFIUSDTZ20,XBT,RemovedLiquidity,95,92,3,0,0,92,3,0,9,86,-38.92475
