window,period,strategy,status,note,total_return,cagr,annualized_volatility,sharpe,sortino,max_drawdown,calmar,win_rate,payoff_ratio,profit_factor,turnover,average_exposure,maximum_exposure,fees,funding,slippage,longest_drawdown_recovery_days,return_concentration_top5,executed_events,signal_events
WF1_2020_2022_train_2023_val_2024_test,VALIDATION,distilled_rules,PASS,Unitless exposure-return proxy; next-bar open execution.,0.01819180155289213,0.018204374423667957,0.07663533001179094,0.27369394573959793,0.40268519163119504,-0.0671610278118453,0.2710556258112718,0.4558461201853103,0.9991104139019749,1.0034871499427527,71.56483999999998,0.14262246753742877,0.25,0.03680547823438314,0.0010058443066958919,0.0,287.16319444444446,0.008500062337758525,855,2082
WF1_2020_2022_train_2023_val_2024_test,VALIDATION,frequency_baseline,PASS,Unitless exposure-return proxy; next-bar open execution.,-3.500875887307853e-05,-3.503273705507404e-05,0.0009515906258807678,-0.03633941355498904,-0.04810739200303437,-0.0009698715001154046,-0.03612100886654109,0.4846700468983362,1.0029896215847045,0.9995172364378029,0.9690500000000043,0.0016959169908963866,0.00305,0.0004983780957664286,6.877274439513871e-05,0.0,336.03125,0.0056457037442573564,596,2082
WF1_2020_2022_train_2023_val_2024_test,VALIDATION,logistic_numpy,PASS,Unitless exposure-return proxy; next-bar open execution.,0.27581442502428954,0.2760272982091294,0.11420587424801905,2.1914567552549147,3.070768203270821,-0.06384528162300684,4.323378191657348,0.4857640243148372,1.0229629641640898,1.0240860414459514,0.25,0.24931507500879938,0.25,0.00012857388570414963,0.012104658758030662,0.0,102.01736111111111,0.005124080799034048,1,2082
WF1_2020_2022_train_2023_val_2024_test,VALIDATION,decision_tree_numpy,PASS,Unitless exposure-return proxy; next-bar open execution.,-0.0011792462494725209,-0.001180053475629328,0.034699720822177996,-0.016684003855877642,-0.02426577922643526,-0.037046986063841825,-0.03185288740076673,0.48517422779463665,1.001183473886505,0.9997329378800128,23.316909999999982,0.05058449710329663,0.17211,0.01199178288525575,-0.0005264317335155521,0.0,296.9513888888889,0.009267861285890548,590,2082
WF1_2020_2022_train_2023_val_2024_test,VALIDATION,btc_buy_hold,PASS,Unitless exposure-return proxy; next-bar open execution.,0.277342063956026,0.2775562391609998,0.11421237107076532,2.201823255884303,3.085318079065255,-0.06384528162301095,4.347325786733842,0.48684848888423815,1.022687835324327,1.024188756750649,0.25,0.25,0.25,0.00012857388570414963,0.01210961593474336,0.0,102.01736111111111,0.005120899766911824,1,1
WF1_2020_2022_train_2023_val_2024_test,VALIDATION,sma_trend,PASS,Unitless exposure-return proxy; next-bar open execution.,-1.8980708149946564,,4.52744463940557,-0.7420352227416392,-0.7923750492137231,-1.898707914889422,,0.4675564349654208,0.9229512575093245,0.8508976272993566,3598.25,0.249997621788225,0.25,1.8505639369401012,0.00023811083518042415,0.0,364.96875,0.14263733041706983,7197,105121
WF1_2020_2022_train_2023_val_2024_test,VALIDATION,volatility_filtered_trend,PASS,Unitless exposure-return proxy; next-bar open execution.,-1.5278639769571902,,4.626977704255224,0.5963202478490515,1.7500444926559389,-1.521466442121905,,0.25739861683203163,1.4009031489148611,1.1658251031352127,2904.25,0.1292415407007163,0.25,1.4936428302254534,-0.00024102175391633565,0.0,351.56597222222223,0.30978004544522325,11554,105121
WF1_2020_2022_train_2023_val_2024_test,VALIDATION,teacher_historical_trajectory,PASS,Teacher trajectory is descriptive only.,0.01595793060093187,0.01596894750068656,0.013297189344921195,1.1980738305238052,1.805678198282531,-0.007877106739690332,2.027260519427002,0.3769085149494392,1.0242368572039986,1.0232812678218677,6.166449999999985,0.01576146925923261,0.13176000000000002,0.0031713777500014056,0.0003800815896554931,0.0,267.12847222222223,0.014463275027750569,1249,2082
WF1_2020_2022_train_2023_val_2024_test,VALIDATION,same_turnover_random,PASS,Unitless exposure-return proxy; next-bar open execution.,-0.1500233309561556,-0.15011795625639157,0.09343150940617466,-1.6941207116955108,-2.305491801974145,-0.21955687228809861,-0.6837315302042082,0.3158740879557843,0.9915895290739308,0.9771116215953906,294.0,0.1627767049400215,0.25,0.15120288958808054,-0.00268956035863307,0.0,292.4548611111111,0.006899696857217555,898,2082
WF1_2020_2022_train_2023_val_2024_test,TEST,distilled_rules,PASS,Unitless exposure-return proxy; next-bar open execution.,0.02464081817970909,0.024589708921865183,0.09700028111546906,0.2989234726909333,0.43014522303228137,-0.094496837014997,0.26021726968451553,0.4665825498771452,1.0166412100596973,1.003420589868674,82.14709000000005,0.14272767932530311,0.25,0.04224788224235398,0.0047011016803945324,0.0,181.20486111111111,0.004750691657018737,1034,2257
WF1_2020_2022_train_2023_val_2024_test,TEST,frequency_baseline,PASS,Unitless exposure-return proxy; next-bar open execution.,6.0179152328032615e-06,6.005583402357573e-06,0.0011730747363666448,0.005705993863132749,0.00783183134280744,-0.0015600751139728253,0.003849547594579592,0.4980030168201956,0.9952310657599801,1.0000700529480167,1.153190000000001,0.0016064120710753964,0.00305,0.0005930804770206787,0.00017771484682953766,0.0,292.7048611111111,0.004119431463690644,681,2257
WF1_2020_2022_train_2023_val_2024_test,TEST,logistic_numpy,PASS,Unitless exposure-return proxy; next-bar open execution.,0.2126768692230896,0.2121977820618881,0.1362859029162795,1.480138320940398,2.071314927565505,-0.09461369110601159,2.2427809292856713,0.4992173343832121,1.004375307252762,1.0142631295602458,0.25,0.24947822292214136,0.25,0.00012857388570414963,0.03143157610438975,0.0,229.36111111111111,0.0025258208327027278,1,2257
WF1_2020_2022_train_2023_val_2024_test,TEST,decision_tree_numpy,PASS,Unitless exposure-return proxy; next-bar open execution.,-0.0520019296173333,-0.051898182623378974,0.06125912173883478,-0.8393318609133902,-1.2058438828226286,-0.0768646964728198,-0.6751888058483486,0.4946731303778615,1.0000356362618574,0.991554473019111,18.81931999999997,0.10540973588584619,0.17211,0.00967869239483925,-0.010937888408511159,0.0,343.3923611111111,0.0037409042195520542,460,2257
WF1_2020_2022_train_2023_val_2024_test,TEST,btc_buy_hold,PASS,Unitless exposure-return proxy; next-bar open execution.,0.21858473176376414,0.2180911797455951,0.13633100944227247,1.515268351631544,2.120690592203056,-0.0946136911060329,2.305069987188026,0.5004126782343064,1.0040875001117722,1.0145896221580735,0.25,0.25,0.25,0.00012857388570414963,0.03169858618747266,0.0,229.36111111111111,0.0025220925343601825,1,1
WF1_2020_2022_train_2023_val_2024_test,TEST,sma_trend,PASS,Unitless exposure-return proxy; next-bar open execution.,-1.7228705262564015,,6.216782690912606,-0.912928774403121,-0.939651083879113,-1.7066855408472703,,0.4811259000654593,0.8539847485775252,0.7980143817089694,3384.25,0.24999762828600974,0.25,1.7405046907773083,0.0007893613309587211,0.0,363.49305555555554,0.1142900036464787,6769,105409
WF1_2020_2022_train_2023_val_2024_test,TEST,volatility_filtered_trend,PASS,Unitless exposure-return proxy; next-bar open execution.,-1.6064335768390174,,3.297401049919133,-0.4488989582291366,-0.5511103541692215,-1.6004164281170987,,0.3397053382538493,1.0468423618923521,0.9321231205928472,3088.25,0.16627849614359305,0.25,1.5882732101037407,0.00021098922278141874,0.0,363.49305555555554,0.15608194652555435,12240,105409
WF1_2020_2022_train_2023_val_2024_test,TEST,teacher_historical_trajectory,PASS,Teacher trajectory is descriptive only.,0.002018599508063934,0.002014458870081004,0.06484495717165244,0.06345583825027767,0.0908625891767147,-0.0553192406219144,0.036415157681737725,0.4821220199413712,1.0092020361932925,1.0006760088061797,14.760229999999948,0.1110044603402011,0.25,0.007591120499947815,-0.010942049964178531,0.0,176.94097222222223,0.0026695178628223966,1556,2257
WF1_2020_2022_train_2023_val_2024_test,TEST,same_turnover_random,PASS,Unitless exposure-return proxy; next-bar open execution.,-0.08064269645014299,-0.08048428123971674,0.11231520131938982,-0.6909082038333698,-0.9809526472474738,-0.10023407542851714,-0.8029632726758161,0.34210551281199897,1.0125751635832259,0.9920793613534397,357.75,0.17260622906962403,0.25,0.18398923044263857,0.0009358706121499161,0.0,365.1875,0.0038573795226768464,1101,2257
WF2_2020_2023_train_2024_val_2025_test,VALIDATION,distilled_rules,PASS,Unitless exposure-return proxy; next-bar open execution.,0.02464081817970909,0.024589708921865183,0.09700028111546906,0.2989234726909333,0.43014522303228137,-0.094496837014997,0.26021726968451553,0.4665825498771452,1.0166412100596973,1.003420589868674,82.14709000000005,0.14272767932530311,0.25,0.04224788224235398,0.0047011016803945324,0.0,181.20486111111111,0.004750691657018737,1034,2257
WF2_2020_2023_train_2024_val_2025_test,VALIDATION,frequency_baseline,PASS,Unitless exposure-return proxy; next-bar open execution.,0.00022179047745596314,0.0002213359384790614,0.0010869759010103475,0.20414445537881357,0.2802633552313428,-0.001521297882964956,0.1454915181027436,0.4982401882192223,0.9966580922830282,1.0024607172002749,1.0004100000000018,0.0015073998425184606,0.00287,0.0005145064039891538,0.0001670163093229424,0.0,292.7048611111111,0.004097483041036817,681,2257
WF2_2020_2023_train_2024_val_2025_test,VALIDATION,logistic_numpy,PASS,Unitless exposure-return proxy; next-bar open execution.,-0.38545509139111145,-0.3848416594303018,0.1368477896599998,-3.482017693900925,-4.855223547303516,-0.40373002772081934,-0.9532153493829819,0.49325958883966264,0.9811076857326357,0.9672117140741104,680.25,0.24947822292214136,0.25,0.3498495430009903,-0.0022911545495219307,0.0,363.49305555555554,0.003428481511606141,1361,2257
WF2_2020_2023_train_2024_val_2025_test,VALIDATION,decision_tree_numpy,PASS,Unitless exposure-return proxy; next-bar open execution.,-0.05713745625644595,-0.05702377501307976,0.060467991256129214,-0.9407578689072901,-1.352102310238183,-0.07685080050515791,-0.7420062593785546,0.49448339325864016,0.9989927358192104,0.9897640778023667,34.80279999999992,0.09504594626647873,0.15836,0.017898924917537494,-0.009345648336151752,0.0,363.49305555555554,0.004779556225222029,559,2257
WF2_2020_2023_train_2024_val_2025_test,VALIDATION,btc_buy_hold,PASS,Unitless exposure-return proxy; next-bar open execution.,0.21858473176376414,0.2180911797455951,0.13633100944227247,1.515268351631544,2.120690592203056,-0.0946136911060329,2.305069987188026,0.5004126782343064,1.0040875001117722,1.0145896221580735,0.25,0.25,0.25,0.00012857388570414963,0.03169858618747266,0.0,229.36111111111111,0.0025220925343601825,1,1
WF2_2020_2023_train_2024_val_2025_test,VALIDATION,sma_trend,PASS,Unitless exposure-return proxy; next-bar open execution.,-1.7228705262564015,,6.216782690912606,-0.912928774403121,-0.939651083879113,-1.7066855408472703,,0.4811259000654593,0.8539847485775252,0.7980143817089694,3384.25,0.24999762828600974,0.25,1.7405046907773083,0.0007893613309587211,0.0,363.49305555555554,0.1142900036464787,6769,105409
WF2_2020_2023_train_2024_val_2025_test,VALIDATION,volatility_filtered_trend,PASS,Unitless exposure-return proxy; next-bar open execution.,-1.6064335768390174,,3.297401049919133,-0.4488989582291366,-0.5511103541692215,-1.6004164281170987,,0.3397053382538493,1.0468423618923521,0.9321231205928472,3088.25,0.16627849614359305,0.25,1.5882732101037407,0.00021098922278141874,0.0,363.49305555555554,0.15608194652555435,12240,105409
WF2_2020_2023_train_2024_val_2025_test,VALIDATION,teacher_historical_trajectory,PASS,Teacher trajectory is descriptive only.,0.002018599508063934,0.002014458870081004,0.06484495717165244,0.06345583825027767,0.0908625891767147,-0.0553192406219144,0.036415157681737725,0.4821220199413712,1.0092020361932925,1.0006760088061797,14.760229999999948,0.1110044603402011,0.25,0.007591120499947815,-0.010942049964178531,0.0,176.94097222222223,0.0026695178628223966,1556,2257
WF2_2020_2023_train_2024_val_2025_test,VALIDATION,same_turnover_random,PASS,Unitless exposure-return proxy; next-bar open execution.,-0.08064269645014299,-0.08048428123971674,0.11231520131938982,-0.6909082038333698,-0.9809526472474738,-0.10023407542851714,-0.8029632726758161,0.34210551281199897,1.0125751635832259,0.9920793613534397,357.75,0.17260622906962403,0.25,0.18398923044263857,0.0009358706121499161,0.0,365.1875,0.0038573795226768464,1101,2257
WF2_2020_2023_train_2024_val_2025_test,TEST,distilled_rules,PASS,Unitless exposure-return proxy; next-bar open execution.,0.057921066071081606,0.05796186618074062,0.08270879315735977,0.7225658271846379,1.0457721548382113,-0.0516121705239968,1.1230270998541236,0.46690956136262024,1.0021399249503211,1.0087785187639544,66.19036999999996,0.13814602971814022,0.25,0.03404141226838169,0.0023330578709140474,0.0,206.65277777777777,0.005830442059601785,922,1653
WF2_2020_2023_train_2024_val_2025_test,TEST,frequency_baseline,PASS,Unitless exposure-return proxy; next-bar open execution.,-0.0010247239947173137,-0.0010254255004885637,0.0009266272631586899,-1.1067152538130798,-1.5257304782204795,-0.0013336404978819827,-0.7688919930949085,0.4958381293937463,0.9926699700287653,0.9864435454855741,0.9127100000000027,0.0015237317947892671,0.00287,0.0004694026848841404,8.981857490001532e-05,0.0,345.37847222222223,0.00474528865521216,640,1653
WF2_2020_2023_train_2024_val_2025_test,TEST,logistic_numpy,PASS,Unitless exposure-return proxy; next-bar open execution.,-0.36272053952292826,-0.36291716969769094,0.11544564061189147,-3.8475569798330636,-5.2415767724758595,-0.38842217707957905,-0.9343368919518138,0.49429704816354486,0.9750891270463409,0.9629871541881422,639.25,0.24975742239894977,0.25,0.32876342574551104,-0.0006026392193929523,0.0,361.30902777777777,0.002359179930829033,1279,1653
WF2_2020_2023_train_2024_val_2025_test,TEST,decision_tree_numpy,PASS,Unitless exposure-return proxy; next-bar open execution.,0.0019497398951611178,0.00195107663537053,0.055232736351464855,0.06289871515315207,0.09053494267065264,-0.06471664670173438,0.030147987184234653,0.49720797937614747,1.0014993397065826,1.0007143455770429,31.627099999999988,0.09792053528791736,0.15836,0.01626567656221489,-0.005905172826154831,0.0,266.9375,0.0050909580352412505,458,1653
WF2_2020_2023_train_2024_val_2025_test,TEST,btc_buy_hold,PASS,Unitless exposure-return proxy; next-bar open execution.,-0.012109892724196936,-0.012118136710471794,0.11479943237442077,-0.04879177120895596,-0.06884835661408409,-0.10396222918969378,-0.1165628787004994,0.4971128509051474,1.0026406651200521,0.9995229537805908,0.25,0.25,0.25,0.00012857388570414963,0.015952888706398948,0.0,120.52777777777777,0.0028801014796848504,1,1
WF2_2020_2023_train_2024_val_2025_test,TEST,sma_trend,PASS,Unitless exposure-return proxy; next-bar open execution.,-1.7195129124365072,,3.7740887740183684,0.4675247191009732,1.030800954113994,-1.7194134308645812,,0.4839851219071356,1.148216912844859,1.085369300760045,3417.25,0.249997621788225,0.25,1.7574764436902623,0.000340381679376794,0.0,364.9583333333333,0.21941735780916335,6835,105121
WF2_2020_2023_train_2024_val_2025_test,TEST,volatility_filtered_trend,PASS,Unitless exposure-return proxy; next-bar open execution.,-1.5049050670843611,,3.829143249050385,-0.7482673845899572,-0.8348808369828041,-1.5051502376560733,,0.3107942276043797,0.9802546277124575,0.8592251480158213,2934.0,0.1528952350148876,0.25,1.5089431226242538,0.00018823810046333863,0.0,365.0,0.1652390607501206,11662,105121
WF2_2020_2023_train_2024_val_2025_test,TEST,teacher_historical_trajectory,PASS,Teacher trajectory is descriptive only.,0.037170400655933244,0.037196327566470844,0.07942193571562092,0.49953591675695214,0.7144072832941973,-0.08926986695033046,0.41667282406914297,0.49741726201234765,1.004265950351837,1.005246415979693,7.997499999999982,0.16598538874251184,0.25,0.0041130786036757405,-0.010697908764444469,0.0,268.7048611111111,0.004472793196609973,1176,1653
WF2_2020_2023_train_2024_val_2025_test,TEST,same_turnover_random,PASS,Unitless exposure-return proxy; next-bar open execution.,-0.10075567994739243,-0.10082108866972694,0.09313529975482916,-1.0944617610673009,-1.5095444637521402,-0.13567019729224683,-0.7431336482289363,0.31916553305238726,0.9947532372056704,0.9866952213300059,305.5,0.16019396695236918,0.25,0.15711728833047175,-0.0009305730858655631,0.0,286.86805555555554,0.003466254197591549,920,1653
WF3_2020_2024_train_2025_val_2026_test,VALIDATION,distilled_rules,PASS,Unitless exposure-return proxy; next-bar open execution.,0.057921066071081606,0.05796186618074062,0.08270879315735977,0.7225658271846379,1.0457721548382113,-0.0516121705239968,1.1230270998541236,0.46690956136262024,1.0021399249503211,1.0087785187639544,66.19036999999996,0.13814602971814022,0.25,0.03404141226838169,0.0023330578709140474,0.0,206.65277777777777,0.005830442059601785,922,1653
WF3_2020_2024_train_2025_val_2026_test,VALIDATION,frequency_baseline,PASS,Unitless exposure-return proxy; next-bar open execution.,-0.0011170785877723244,-0.001117843282289921,0.0009496436857542016,-1.177291015767975,-1.6223824126579758,-0.0014132197058233098,-0.7909904437956381,0.495552743980746,0.9925983976121725,0.9852411936818509,1.015980000000009,0.0015299691783751735,0.0029400000000000003,0.0005225139855908066,9.003970338192623e-05,0.0,346.06944444444446,0.004860257848441609,640,1653
WF3_2020_2024_train_2025_val_2026_test,VALIDATION,logistic_numpy,PASS,Unitless exposure-return proxy; next-bar open execution.,-0.012302600871061942,-0.012310975227075471,0.11478288135270526,-0.05051614518188791,-0.07128084738850216,-0.10396222918969611,-0.11841776886692264,0.496656234244347,1.0025115282003456,0.9995058697592302,0.25,0.24975742239894977,0.25,0.00012857388570414963,0.01592477092474834,0.0,120.52777777777777,0.0028818753206384133,1,1653
WF3_2020_2024_train_2025_val_2026_test,VALIDATION,decision_tree_numpy,PASS,Unitless exposure-return proxy; next-bar open execution.,-0.00494896687052282,-0.004952348166477716,0.04809227937566236,-0.07918775159299368,-0.11246367767651429,-0.05610338918993041,-0.08827181811979688,0.49750287763624773,0.9987968503791118,0.9991980733616465,10.225750000000014,0.09992248142613303,0.13214,0.005259057646956857,-0.0060769899943808724,0.0,266.9375,0.0038699745015840724,630,1653
WF3_2020_2024_train_2025_val_2026_test,VALIDATION,btc_buy_hold,PASS,Unitless exposure-return proxy; next-bar open execution.,-0.012109892724196936,-0.012118136710471794,0.11479943237442077,-0.04879177120895596,-0.06884835661408409,-0.10396222918969378,-0.1165628787004994,0.4971128509051474,1.0026406651200521,0.9995229537805908,0.25,0.25,0.25,0.00012857388570414963,0.015952888706398948,0.0,120.52777777777777,0.0028801014796848504,1,1
WF3_2020_2024_train_2025_val_2026_test,VALIDATION,sma_trend,PASS,Unitless exposure-return proxy; next-bar open execution.,-1.7195129124365072,,3.7740887740183684,0.4675247191009732,1.030800954113994,-1.7194134308645812,,0.4839851219071356,1.148216912844859,1.085369300760045,3417.25,0.249997621788225,0.25,1.7574764436902623,0.000340381679376794,0.0,364.9583333333333,0.21941735780916335,6835,105121
WF3_2020_2024_train_2025_val_2026_test,VALIDATION,volatility_filtered_trend,PASS,Unitless exposure-return proxy; next-bar open execution.,-1.5049050670843611,,3.829143249050385,-0.7482673845899572,-0.8348808369828041,-1.5051502376560733,,0.3107942276043797,0.9802546277124575,0.8592251480158213,2934.0,0.1528952350148876,0.25,1.5089431226242538,0.00018823810046333863,0.0,365.0,0.1652390607501206,11662,105121
WF3_2020_2024_train_2025_val_2026_test,VALIDATION,teacher_historical_trajectory,PASS,Teacher trajectory is descriptive only.,0.037170400655933244,0.037196327566470844,0.07942193571562092,0.49953591675695214,0.7144072832941973,-0.08926986695033046,0.41667282406914297,0.49741726201234765,1.004265950351837,1.005246415979693,7.997499999999982,0.16598538874251184,0.25,0.0041130786036757405,-0.010697908764444469,0.0,268.7048611111111,0.004472793196609973,1176,1653
WF3_2020_2024_train_2025_val_2026_test,VALIDATION,same_turnover_random,PASS,Unitless exposure-return proxy; next-bar open execution.,-0.10075567994739243,-0.10082108866972694,0.09313529975482916,-1.0944617610673009,-1.5095444637521402,-0.13567019729224683,-0.7431336482289363,0.31916553305238726,0.9947532372056704,0.9866952213300059,305.5,0.16019396695236918,0.25,0.15711728833047175,-0.0009305730858655631,0.0,286.86805555555554,0.003466254197591549,920,1653
WF3_2020_2024_train_2025_val_2026_test,TEST,distilled_rules,PASS,Unitless exposure-return proxy; next-bar open execution.,-0.019329764137878902,-0.03520487818874074,0.0734538311913518,-0.4511806621734557,-0.626974542681195,-0.09715254087196101,-0.36236703510552387,0.46450576879440053,0.9970540659216482,0.9946992615672692,12.249980000000004,0.12383678640623172,0.25,0.006300110113592465,0.0007363990468143145,0.0,162.90972222222223,0.005198621787152558,187,264
WF3_2020_2024_train_2025_val_2026_test,TEST,frequency_baseline,PASS,Unitless exposure-return proxy; next-bar open execution.,-0.0005557726851923572,-0.0010202348763779234,0.0010083040522422544,-1.0118272528813312,-1.4579545875379945,-0.0010639577540696443,-0.958905438186356,0.49571485922745284,0.9895811997705097,0.9875990467541371,0.24365999999999993,0.0015780970833109652,0.0029400000000000003,0.00012531325196269224,-1.3927087593753229e-05,0.0,194.06944444444446,0.005961473600560922,153,264
WF3_2020_2024_train_2025_val_2026_test,TEST,logistic_numpy,PASS,Unitless exposure-return proxy; next-bar open execution.,-0.06341439555953343,-0.11333938956799416,0.12025322804430953,-0.9401963277408146,-1.3470332627623418,-0.11386142404910915,-0.9954151769532601,0.49643050391859106,0.9899696585362403,0.9908406200179198,0.25,0.24874325810336703,0.25,0.00012857388570414963,-0.0016220810386102845,0.0,185.0625,0.0046765651178117,1,264
WF3_2020_2024_train_2025_val_2026_test,TEST,decision_tree_numpy,PASS,Unitless exposure-return proxy; next-bar open execution.,0.03515997840950358,0.0655055115988401,0.043581990102561266,1.477627352099938,2.0943524211123976,-0.021882521377683206,2.9935084018995,0.49903126145467874,1.0045644600418127,1.016043369037939,1.8703700000000005,0.08241019968221505,0.13214,0.0009619229544178808,0.0005555814208732662,0.0,87.01736111111111,0.00503746457440732,74,264
WF3_2020_2024_train_2025_val_2026_test,TEST,btc_buy_hold,PASS,Unitless exposure-return proxy; next-bar open execution.,-0.0601351249344626,-0.10763083430345444,0.12028660683503266,-0.8865502449894727,-1.2702305603504287,-0.1138614240491247,-0.9452791865401041,0.49913598994606484,0.9896419647335478,0.9913753809122307,0.25,0.25,0.25,0.00012857388570414963,-0.0015526751808284446,0.0,185.0625,0.004666176597175325,1,1
WF3_2020_2024_train_2025_val_2026_test,TEST,sma_trend,PASS,Unitless exposure-return proxy; next-bar open execution.,-0.9108970441011514,-0.9882005070709479,0.1377023703868394,-32.171160142617616,-40.78934745611268,-0.9111309813702109,-1.0845866590825783,0.45626712747202874,0.8605439281262403,0.7253988481528514,1781.75,0.24999563631285893,0.25,0.9163460834134394,-0.00047937646991747434,0.0,198.92361111111111,0.004322723861506431,3564,57291
WF3_2020_2024_train_2025_val_2026_test,TEST,volatility_filtered_trend,PASS,Unitless exposure-return proxy; next-bar open execution.,-0.8407689092292874,-0.9657375930568929,0.11338726241670628,-29.696157455025595,-40.49336274335205,-0.8410758645728118,-1.1482169846205224,0.28313347646227155,1.0186143400781011,0.7192331524140025,1579.75,0.15769492590459233,0.25,0.8124583837646163,-0.0003352167414918533,0.0,198.87152777777777,0.005596621495540212,6263,57291
WF3_2020_2024_train_2025_val_2026_test,TEST,teacher_historical_trajectory,PASS,Teacher trajectory is descriptive only.,0.03708562664136128,0.06914773566798949,0.046646003035977365,1.4566879038943414,2.0424058540464736,-0.03277186772983043,2.109972377468377,0.4889249620359219,1.0052287544193645,1.0147930457361451,0.9778000000000006,0.1054786353877344,0.1819,0.0005028781817660703,0.0008882480587869958,0.0,65.19097222222223,0.003225847598897174,127,264
WF3_2020_2024_train_2025_val_2026_test,TEST,same_turnover_random,PASS,Unitless exposure-return proxy; next-bar open execution.,-0.007303816220909143,-0.013369804542750607,0.10298318798090979,-0.07920289410511817,-0.11129747698256676,-0.10133509621770631,-0.13193656533396075,0.3599169153968337,1.0133718986522111,0.9990785823671334,61.25,0.1815206576949259,0.25,0.03150060199751653,0.00010815638502506523,0.0,162.90972222222223,0.005092973643716476,175,264
